classification,productId,productName,insurer,supportStatus,economicsStatus,kernel,calculatorCoverage,reviewCoverage,templateCoverage,matchedCalculatorNeedle,matchedReviewNeedle,matchedTemplateNeedle
covered,tokio-marine-goaffluence,#goAffluence,Tokio Marine,supported,supported,kernel:current-accidental-death-benefit-estimate,true,true,true,tokio-marine-goaffluence + accidental death benefit today,#goaffluence + current accidental-death estimate,tokio-marine-goaffluence + kernel:current-accidental-death-benefit-estimate
covered,tokio-marine-goaffluence,#goAffluence,Tokio Marine,supported,supported,kernel:current-death-benefit-estimate,true,true,true,tokio-marine-goaffluence + current death-benefit estimate,#goaffluence + death benefit today,tokio-marine-goaffluence + kernel:current-death-benefit-estimate
covered,tokio-marine-goassure,#goAssure,Tokio Marine,supported,supported,kernel:current-death-benefit-estimate,true,true,true,tokio-marine-goassure + death benefit today,#goassure + current-state death-benefit estimate,tokio-marine-goassure + kernel:current-death-benefit-estimate
covered,tokio-marine-goassure,#goAssure,Tokio Marine,supported,supported,kernel:current-ti-benefit-estimate,true,true,true,tokio-marine-goassure + ti benefit today,#goassure + ti benefit today,tokio-marine-goassure + kernel:current-ti-benefit-estimate
covered,tokio-marine-goassure,#goAssure,Tokio Marine,supported,supported,kernel:current-tpd-benefit-estimate,true,true,true,tokio-marine-goassure + tpd benefit today,#goassure + current tpd benefit estimate,tokio-marine-goassure + kernel:current-tpd-benefit-estimate
covered,tokio-marine-goclassic,#goClassic,Tokio Marine,supported,supported,kernel:current-death-benefit-estimate,true,true,true,tokio-marine-goclassic + current death-benefit estimate,#goclassic + death benefit today,tokio-marine-goclassic + kernel:current-death-benefit-estimate
covered,tokio-marine-goclassic-secure,#goClassic Secure,Tokio Marine,supported,supported,kernel:current-death-benefit-estimate,true,true,true,tokio-marine-goclassic-secure + current death-benefit estimate,#goclassic secure + death benefit today,tokio-marine-goclassic-secure + kernel:current-death-benefit-estimate
covered,tokio-marine-goelite,#goElite,Tokio Marine,supported,supported,kernel:current-accidental-death-benefit-estimate,true,true,true,tokio-marine-goelite + accidental death benefit today,#goelite + current accidental-death estimate,tokio-marine-goelite + kernel:current-accidental-death-benefit-estimate
covered,tokio-marine-goelite,#goElite,Tokio Marine,supported,supported,kernel:current-death-benefit-estimate,true,true,true,tokio-marine-goelite + current death-benefit estimate,#goelite + death benefit today,tokio-marine-goelite + kernel:current-death-benefit-estimate
covered,tokio-marine-goelite-secure,#goElite Secure,Tokio Marine,supported,supported,kernel:current-death-benefit-estimate,true,true,true,tokio-marine-goelite-secure + current death-benefit estimate,#goelite secure + death benefit today,tokio-marine-goelite-secure + kernel:current-death-benefit-estimate
covered,tokio-marine-goluxe,#goLuxe,Tokio Marine,supported,supported,kernel:current-death-benefit-estimate,true,true,true,tokio-marine-goluxe + current death-benefit estimate,#goluxe + death benefit today,tokio-marine-goluxe + kernel:current-death-benefit-estimate
covered,tokio-marine-gowealth-enrich,#goWealth Enrich,Tokio Marine,supported,supported,kernel:current-accidental-death-benefit-estimate,true,true,true,tokio-marine-gowealth-enrich + accidental death benefit today,#gowealth enrich + accidental death benefit today,tokio-marine-gowealth-enrich + kernel:current-accidental-death-benefit-estimate
covered,tokio-marine-gowealth-enrich,#goWealth Enrich,Tokio Marine,supported,supported,kernel:current-death-benefit-estimate,true,true,true,tokio-marine-gowealth-enrich + death benefit today,#gowealth enrich + death benefit today,tokio-marine-gowealth-enrich + kernel:current-death-benefit-estimate
covered,tokio-marine-affluence-atfuture,Affluence@Future,Tokio Marine,supported,supported,kernel:current-death-benefit-estimate,true,true,true,tokio-marine-affluence-atfuture + death benefit today,affluence@future + death benefit today,tokio-marine-affluence-atfuture + kernel:current-death-benefit-estimate
covered,aia-elite-secure-income-5-pay,AIA Elite Secure Income - 5 Pay,AIA Singapore,supported,supported,kernel:current-accidental-death-benefit-estimate,true,true,true,aia elite secure income - 5 pay + accidental death benefit today,aia elite secure income - 5 pay + accidental death benefit today,aia elite secure income - 5 pay + kernel:current-accidental-death-benefit-estimate
covered,aia-elite-secure-income-5-pay,AIA Elite Secure Income - 5 Pay,AIA Singapore,supported,supported,kernel:current-death-benefit-estimate,true,true,true,aia elite secure income - 5 pay + death benefit today,aia elite secure income - 5 pay + death benefit today,aia elite secure income - 5 pay + kernel:current-death-benefit-estimate
covered,aia-elite-secure-income-5-pay,AIA Elite Secure Income - 5 Pay,AIA Singapore,supported,supported,kernel:current-ti-benefit-estimate,true,true,true,aia elite secure income - 5 pay + ti benefit today,aia elite secure income - 5 pay + ti benefit today,aia elite secure income - 5 pay + kernel:current-ti-benefit-estimate
covered,aia-elite-secure-income-single-premium,AIA Elite Secure Income - Single Premium,AIA Singapore,supported,supported,kernel:current-accidental-death-benefit-estimate,true,true,true,aia elite secure income - single premium + accidental death benefit today,aia elite secure income - single premium + accidental death benefit today,aia elite secure income - single premium + kernel:current-accidental-death-benefit-estimate
covered,aia-elite-secure-income-single-premium,AIA Elite Secure Income - Single Premium,AIA Singapore,supported,supported,kernel:current-death-benefit-estimate,true,true,true,aia elite secure income - single premium + death benefit today,aia elite secure income - single premium + death benefit today,aia elite secure income - single premium + kernel:current-death-benefit-estimate
covered,aia-elite-secure-income-single-premium,AIA Elite Secure Income - Single Premium,AIA Singapore,supported,supported,kernel:current-ti-benefit-estimate,true,true,true,aia elite secure income - single premium + ti benefit today,aia elite secure income - single premium + ti benefit today,aia elite secure income - single premium + kernel:current-ti-benefit-estimate
covered,aia-invest-easy-cash-srs,AIA Invest Easy (Cash/SRS),AIA Singapore,supported,supported,kernel:current-accidental-death-benefit-estimate,true,true,true,aia invest easy (cash/srs) + accidental death benefit today,aia invest easy (cash/srs) + accidental death benefit today,aia invest easy (cash/srs) + kernel:current-accidental-death-benefit-estimate
covered,aia-invest-easy-cash-srs,AIA Invest Easy (Cash/SRS),AIA Singapore,supported,supported,kernel:current-death-benefit-estimate,true,true,true,aia invest easy (cash/srs) + death benefit today,aia invest easy (cash/srs) + death benefit today,aia invest easy (cash/srs) + kernel:current-death-benefit-estimate
covered,aia-invest-easy-cpf,AIA Invest Easy (CPF),AIA Singapore,supported,supported,kernel:current-accidental-death-benefit-estimate,true,true,true,aia invest easy + accidental death benefit today,aia invest easy + accidental death benefit today,aia invest easy + kernel:current-accidental-death-benefit-estimate
covered,aia-invest-easy-cpf,AIA Invest Easy (CPF),AIA Singapore,supported,supported,kernel:current-death-benefit-estimate,true,true,true,aia invest easy + death benefit today,aia invest easy + death benefit today,aia invest easy + kernel:current-death-benefit-estimate
covered,aia-platinum-retirement-elite,AIA Platinum Retirement Elite,AIA Singapore,supported,supported,kernel:current-accidental-death-benefit-estimate,true,true,true,aia-platinum-retirement-elite + accidental death benefit today,aia platinum retirement elite + accidental death benefit today,aia-platinum-retirement-elite + kernel:current-accidental-death-benefit-estimate
covered,aia-platinum-retirement-elite,AIA Platinum Retirement Elite,AIA Singapore,supported,supported,kernel:current-death-benefit-estimate,true,true,true,aia-platinum-retirement-elite + death benefit today,aia platinum retirement elite + death benefit today,aia-platinum-retirement-elite + kernel:current-death-benefit-estimate
covered,aia-platinum-retirement-elite,AIA Platinum Retirement Elite,AIA Singapore,supported,supported,kernel:current-ti-benefit-estimate,true,true,true,aia-platinum-retirement-elite + ti benefit today,aia platinum retirement elite + ti benefit today,aia-platinum-retirement-elite + kernel:current-ti-benefit-estimate
covered,aia-platinum-wealth-elite-2,AIA Platinum Wealth Elite 2.0,AIA Singapore,supported,supported,kernel:current-death-benefit-estimate,true,true,true,aia platinum wealth elite 2.0 + death benefit today,aia platinum wealth elite 2.0 + death benefit today,aia platinum wealth elite 2.0 + kernel:current-death-benefit-estimate
covered,aia-platinum-wealth-elite-2,AIA Platinum Wealth Elite 2.0,AIA Singapore,supported,supported,kernel:current-ti-benefit-estimate,true,true,true,aia platinum wealth elite 2.0 + ti benefit today,aia platinum wealth elite 2.0 + ti benefit today,aia platinum wealth elite 2.0 + kernel:current-ti-benefit-estimate
covered,aia-platinum-wealth-legacy,AIA Platinum Wealth Legacy,AIA Singapore,supported,supported,kernel:current-death-benefit-estimate,true,true,true,aia-platinum-wealth-legacy + death benefit today,aia platinum wealth legacy + death benefit today,aia-platinum-wealth-legacy + kernel:current-death-benefit-estimate
covered,aia-platinum-wealth-legacy,AIA Platinum Wealth Legacy,AIA Singapore,supported,supported,kernel:current-ti-benefit-estimate,true,true,true,aia-platinum-wealth-legacy + ti benefit today,aia platinum wealth legacy + ti benefit today,aia-platinum-wealth-legacy + kernel:current-ti-benefit-estimate
covered,aia-platinum-wealth-venture-2,AIA Platinum Wealth Venture 2.0,AIA Singapore,supported,supported,kernel:current-accidental-death-benefit-estimate,true,true,true,aia platinum wealth venture 2.0 + accidental death benefit today,aia platinum wealth venture 2.0 + accidental death benefit today,aia platinum wealth venture 2.0 + kernel:current-accidental-death-benefit-estimate
covered,aia-platinum-wealth-venture-2,AIA Platinum Wealth Venture 2.0,AIA Singapore,supported,supported,kernel:current-death-benefit-estimate,true,true,true,aia platinum wealth venture 2.0 + death benefit today,aia platinum wealth venture 2.0 + death benefit today,aia platinum wealth venture 2.0 + kernel:current-death-benefit-estimate
covered,aia-pro-achiever-3,AIA Pro Achiever 3.0,AIA Singapore,supported,supported,kernel:current-accidental-death-benefit-estimate,true,true,true,aia pro achiever 3.0 + accidental death benefit today,aia pro achiever 3.0 + accidental death benefit today,aia pro achiever 3.0 + kernel:current-accidental-death-benefit-estimate
covered,aia-pro-achiever-3,AIA Pro Achiever 3.0,AIA Singapore,supported,supported,kernel:current-death-benefit-estimate,true,true,true,aia pro achiever 3.0 + death benefit today,aia pro achiever 3.0 + death benefit today,aia pro achiever 3.0 + kernel:current-death-benefit-estimate
covered,aia-pro-lifetime-protector-ii,AIA Pro Lifetime Protector (II),AIA Singapore,supported,supported,kernel:current-death-benefit-estimate,true,true,true,aia pro lifetime protector (ii) + death benefit today,aia pro lifetime protector (ii) + death benefit today,aia pro lifetime protector (ii) + kernel:current-death-benefit-estimate
covered,aia-wealth-venture,AIA Wealth Venture,AIA Singapore,supported,supported,kernel:current-accidental-death-benefit-estimate,true,true,true,aia-wealth-venture + accidental death benefit today,aia wealth venture + accidental death benefit today,aia-wealth-venture + kernel:current-accidental-death-benefit-estimate
covered,aia-wealth-venture,AIA Wealth Venture,AIA Singapore,supported,supported,kernel:current-death-benefit-estimate,true,true,true,aia-wealth-venture + death benefit today,aia wealth venture + death benefit today,aia-wealth-venture + kernel:current-death-benefit-estimate
covered,income-astralink-va2,AstraLink (VA2),Income Insurance,supported,supported,kernel:current-accidental-death-benefit-estimate,true,true,true,income-astralink-va2 + accidental death benefit today,astralink (va2) + current accidental-death estimate,income-astralink-va2 + kernel:current-accidental-death-benefit-estimate
covered,income-astralink-va2,AstraLink (VA2),Income Insurance,supported,supported,kernel:current-accidental-tpd-benefit-estimate,true,true,true,income-astralink-va2 + accidental tpd benefit today,astralink (va2) + current accidental-tpd estimate,income-astralink-va2 + kernel:current-accidental-tpd-benefit-estimate
covered,income-astralink-va2,AstraLink (VA2),Income Insurance,supported,supported,kernel:current-death-benefit-estimate,true,true,true,income-astralink-va2 + death benefit today,astralink (va2) + death benefit today,income-astralink-va2 + kernel:current-death-benefit-estimate
covered,income-astralink-va2,AstraLink (VA2),Income Insurance,supported,supported,kernel:current-ti-benefit-estimate,true,true,true,income-astralink-va2 + ti benefit today,astralink (va2) + ti benefit today,income-astralink-va2 + kernel:current-ti-benefit-estimate
covered,income-astralink-va2,AstraLink (VA2),Income Insurance,supported,supported,kernel:current-tpd-benefit-estimate,true,true,true,income-astralink-va2 + tpd benefit today,astralink (va2) + tpd benefit today,income-astralink-va2 + kernel:current-tpd-benefit-estimate
covered,etiqa-dash-pet-plus,Dash PET Plus,Etiqa,supported,supported,kernel:current-death-benefit-estimate,true,true,true,etiqa-dash-pet-plus + death benefit today,dash pet plus + death benefit today,etiqa-dash-pet-plus + kernel:current-death-benefit-estimate
covered,etiqa-dash-pet-plus,Dash PET Plus,Etiqa,supported,supported,kernel:current-ti-benefit-estimate,true,true,true,etiqa-dash-pet-plus + ti benefit today,dash pet plus + ti benefit today,etiqa-dash-pet-plus + kernel:current-ti-benefit-estimate
covered,fwd-invest-first-horizon,FWD Invest First Horizon,FWD Singapore,supported,supported,kernel:current-death-benefit-estimate,true,true,true,fwd-invest-first-horizon + death benefit today,fwd invest first horizon + death benefit today,fwd-invest-first-horizon + kernel:current-death-benefit-estimate
covered,fwd-invest-first-horizon,FWD Invest First Horizon,FWD Singapore,supported,supported,kernel:current-ti-benefit-estimate,true,true,true,fwd-invest-first-horizon + ti benefit today,fwd invest first horizon + ti benefit today,fwd-invest-first-horizon + kernel:current-ti-benefit-estimate
covered,fwd-invest-first-max,FWD Invest First Max,FWD Singapore,supported,supported,kernel:current-death-benefit-estimate,true,true,true,fwd-invest-first-max + death benefit today,fwd invest first max + current-state death-benefit estimate,fwd-invest-first-max + kernel:current-death-benefit-estimate
covered,fwd-invest-first-summit,FWD Invest First Summit,FWD Singapore,supported,supported,kernel:current-death-benefit-estimate,true,true,true,fwd-invest-first-summit + death benefit today,fwd invest first summit + current-state death-benefit estimate,fwd-invest-first-summit + kernel:current-death-benefit-estimate
covered,fwd-invest-flexi-elite,FWD Invest Flexi Elite,FWD Singapore,supported,supported,kernel:current-death-benefit-estimate,true,true,true,fwd-invest-flexi-elite + death benefit today,fwd invest flexi elite + death benefit today,fwd-invest-flexi-elite + kernel:current-death-benefit-estimate
covered,fwd-invest-flexi-vii,FWD Invest Flexi VII,FWD Singapore,supported,supported,kernel:current-death-benefit-estimate,true,true,true,fwd-invest-flexi-vii + death benefit today,fwd invest flexi vii + death benefit today,fwd-invest-flexi-vii + kernel:current-death-benefit-estimate
covered,fwd-invest-flexi-vii,FWD Invest Flexi VII,FWD Singapore,supported,supported,kernel:current-ti-benefit-estimate,true,true,true,fwd-invest-flexi-vii + ti benefit today,fwd invest flexi vii + ti benefit today,fwd-invest-flexi-vii + kernel:current-ti-benefit-estimate
covered,fwd-invest-goal-1,FWD Invest Goal 1,FWD,supported,supported,kernel:current-death-benefit-estimate,true,true,true,fwd-invest-goal-1 + death benefit today,fwd invest goal 1 + death benefit today,fwd-invest-goal-1 + kernel:current-death-benefit-estimate
covered,hsbc-life-goal-builder-ii,Goal Builder II,HSBC Life,supported,supported,kernel:current-accidental-death-benefit-estimate,true,true,true,hsbc-life-goal-builder-ii + accidental death benefit today,goal builder ii + current accidental-death estimate,hsbc-life-goal-builder-ii + kernel:current-accidental-death-benefit-estimate
covered,hsbc-life-goal-builder-ii,Goal Builder II,HSBC Life,supported,supported,kernel:current-death-benefit-estimate,true,true,true,hsbc-life-goal-builder-ii + death benefit today,goal builder ii + current-state death-benefit estimate,hsbc-life-goal-builder-ii + kernel:current-death-benefit-estimate
covered,hsbc-life-goal-builder-ii,Goal Builder II,HSBC Life,supported,supported,kernel:current-ti-benefit-estimate,true,true,true,hsbc-life-goal-builder-ii + ti benefit today,goal builder ii + ti benefit today,hsbc-life-goal-builder-ii + kernel:current-ti-benefit-estimate
covered,great-eastern-great-invest-advantage-rsp,GREAT Invest Advantage (RSP),Great Eastern,supported,supported,kernel:current-death-benefit-estimate,true,true,true,great invest advantage + death benefit today,great invest advantage + death benefit today,great invest advantage + kernel:current-death-benefit-estimate
covered,great-eastern-great-invest-advantage-rsp,GREAT Invest Advantage (RSP),Great Eastern,supported,supported,kernel:current-ti-benefit-estimate,true,true,true,great invest advantage + ti benefit today,great invest advantage + ti benefit today,great invest advantage + kernel:current-ti-benefit-estimate
covered,great-eastern-great-invest-advantage-sp,GREAT Invest Advantage (SP),Great Eastern,supported,supported,kernel:current-death-benefit-estimate,true,true,true,great-eastern-great-invest-advantage-sp + death benefit today,great invest advantage (sp) + death benefit today,great-eastern-great-invest-advantage-sp + kernel:current-death-benefit-estimate
covered,great-eastern-great-invest-advantage-sp,GREAT Invest Advantage (SP),Great Eastern,supported,supported,kernel:current-ti-benefit-estimate,true,true,true,great-eastern-great-invest-advantage-sp + ti benefit today,great invest advantage (sp) + ti benefit today,great-eastern-great-invest-advantage-sp + kernel:current-ti-benefit-estimate
covered,great-eastern-great-invest-advantage-2-rsp,GREAT Invest Advantage 2 (RSP),Great Eastern,supported,supported,kernel:current-death-benefit-estimate,true,true,true,great invest advantage 2 + death benefit today,great invest advantage 2 + death benefit today,great invest advantage 2 + kernel:current-death-benefit-estimate
covered,great-eastern-great-invest-advantage-2-rsp,GREAT Invest Advantage 2 (RSP),Great Eastern,supported,supported,kernel:current-ti-benefit-estimate,true,true,true,great invest advantage 2 + ti benefit today,great invest advantage 2 + ti benefit today,great invest advantage 2 + kernel:current-ti-benefit-estimate
covered,great-eastern-great-invest-advantage-2-sp,GREAT Invest Advantage 2 (SP),Great Eastern,supported,supported,kernel:current-death-benefit-estimate,true,true,true,great-eastern-great-invest-advantage-2-sp + death benefit today,great invest advantage 2 (sp) + death benefit today,great-eastern-great-invest-advantage-2-sp + kernel:current-death-benefit-estimate
covered,great-eastern-great-invest-advantage-2-sp,GREAT Invest Advantage 2 (SP),Great Eastern,supported,supported,kernel:current-ti-benefit-estimate,true,true,true,great-eastern-great-invest-advantage-2-sp + ti benefit today,great invest advantage 2 (sp) + ti benefit today,great-eastern-great-invest-advantage-2-sp + kernel:current-ti-benefit-estimate
covered,great-eastern-great-life-advantage-4,GREAT Life Advantage 4,Great Eastern,supported,supported,kernel:current-death-benefit-estimate,true,true,true,great-eastern-great-life-advantage-4 + death benefit today,great life advantage 4 + death benefit today,great-eastern-great-life-advantage-4 + kernel:current-death-benefit-estimate
covered,great-eastern-great-life-advantage-4,GREAT Life Advantage 4,Great Eastern,supported,supported,kernel:current-residual-death-benefit-after-tpd-estimate,true,true,true,great-eastern-great-life-advantage-4 + residual death benefit after a tpd claim today,great life advantage 4 + death benefit after tpd claim today,great-eastern-great-life-advantage-4 + kernel:current-residual-death-benefit-after-tpd-estimate
covered,great-eastern-great-life-advantage-4,GREAT Life Advantage 4,Great Eastern,supported,supported,kernel:current-ti-benefit-after-tpd-estimate,true,true,true,great-eastern-great-life-advantage-4 + ti benefit after a tpd claim today,great life advantage 4 + ti benefit after tpd claim today,great-eastern-great-life-advantage-4 + kernel:current-ti-benefit-after-tpd-estimate
covered,great-eastern-great-life-advantage-4,GREAT Life Advantage 4,Great Eastern,supported,supported,kernel:current-ti-benefit-estimate,true,true,true,great-eastern-great-life-advantage-4 + ti benefit today,great life advantage 4 + ti benefit today,great-eastern-great-life-advantage-4 + kernel:current-ti-benefit-estimate
covered,great-eastern-great-life-advantage-4,GREAT Life Advantage 4,Great Eastern,supported,supported,kernel:current-tpd-benefit-estimate,true,true,true,great-eastern-great-life-advantage-4 + tpd benefit today,great life advantage 4 + tpd benefit today,great-eastern-great-life-advantage-4 + kernel:current-tpd-benefit-estimate
covered,great-eastern-wealth-advantage-4,GREAT Wealth Advantage 4,Great Eastern,supported,supported,kernel:current-death-benefit-estimate,true,true,true,great-eastern-wealth-advantage-4 + death benefit today,great wealth advantage 4 + death benefit today,great-eastern-wealth-advantage-4 + kernel:current-death-benefit-estimate
covered,great-eastern-wealth-advantage-4,GREAT Wealth Advantage 4,Great Eastern,supported,supported,kernel:current-ti-benefit-estimate,true,true,true,great-eastern-wealth-advantage-4 + ti benefit today,great wealth advantage 4 + ti benefit today,great-eastern-wealth-advantage-4 + kernel:current-ti-benefit-estimate
covered,great-eastern-wealth-advantage-4,GREAT Wealth Advantage 4,Great Eastern,supported,supported,kernel:current-tpd-benefit-estimate,true,true,true,great-eastern-wealth-advantage-4 + tpd benefit today,great wealth advantage 4 + tpd benefit today,great-eastern-wealth-advantage-4 + kernel:current-tpd-benefit-estimate
covered,tokio-marine-harvest-builder-atfuture,Harvest Builder@Future,Tokio Marine,supported,supported,kernel:current-death-benefit-estimate,true,true,true,tokio-marine-harvest-builder-atfuture + death benefit today,harvest builder@future + death benefit today,tokio-marine-harvest-builder-atfuture + kernel:current-death-benefit-estimate
covered,tokio-marine-harvest-flexi,Harvest Flexi,Tokio Marine,supported,supported,kernel:current-death-benefit-estimate,true,true,true,tokio-marine-harvest-flexi + death benefit today,harvest flexi + death benefit today,tokio-marine-harvest-flexi + kernel:current-death-benefit-estimate
covered,tokio-marine-harvest-max,Harvest Max,Tokio Marine,supported,supported,kernel:current-death-benefit-estimate,true,true,true,tokio-marine-harvest-max + death benefit today,harvest max + death benefit today,tokio-marine-harvest-max + kernel:current-death-benefit-estimate
covered,tokio-marine-harvest-pro,Harvest Pro,Tokio Marine,supported,supported,kernel:current-death-benefit-estimate,true,true,true,tokio-marine-harvest-pro + current death-benefit estimate,harvest pro + death benefit today,tokio-marine-harvest-pro + kernel:current-death-benefit-estimate
covered,hsbc-life-flexi-protector,HSBC Life Flexi Protector,HSBC Life,supported,supported,kernel:current-death-benefit-estimate,true,true,true,hsbc-life-flexi-protector + death benefit today,hsbc life flexi protector + death benefit today,hsbc-life-flexi-protector + kernel:current-death-benefit-estimate
covered,hsbc-life-flexi-protector,HSBC Life Flexi Protector,HSBC Life,supported,supported,kernel:current-ti-benefit-estimate,true,true,true,hsbc-life-flexi-protector + ti benefit today,hsbc life flexi protector + ti benefit today,hsbc-life-flexi-protector + kernel:current-ti-benefit-estimate
covered,hsbc-life-flexi-protector,HSBC Life Flexi Protector,HSBC Life,supported,supported,kernel:current-tpd-benefit-estimate,true,true,true,hsbc-life-flexi-protector + current tpd benefit estimate,hsbc life flexi protector + tpd benefit today,hsbc-life-flexi-protector + kernel:current-tpd-benefit-estimate
covered,hsbc-life-wealth-invest-cash-srs,HSBC Life Wealth Invest (Cash/SRS),HSBC Life,supported,supported,kernel:current-death-benefit-estimate,true,true,true,hsbc life wealth invest + death benefit today,hsbc life wealth invest + death benefit today,hsbc life wealth invest + kernel:current-death-benefit-estimate
covered,hsbc-life-wealth-invest-cash-srs,HSBC Life Wealth Invest (Cash/SRS),HSBC Life,supported,supported,kernel:current-ti-benefit-estimate,true,true,true,hsbc life wealth invest + ti benefit today,hsbc life wealth invest + ti benefit today,hsbc life wealth invest + kernel:current-ti-benefit-estimate
covered,hsbc-life-wealth-invest-cpf,HSBC Life Wealth Invest (CPF),HSBC Life,supported,supported,kernel:current-death-benefit-estimate,true,true,true,hsbc life wealth invest (cpf) + death benefit today,hsbc life wealth invest (cpf) + death benefit today,hsbc life wealth invest (cpf) + kernel:current-death-benefit-estimate
covered,hsbc-life-wealth-invest-cpf,HSBC Life Wealth Invest (CPF),HSBC Life,supported,supported,kernel:current-ti-benefit-estimate,true,true,true,hsbc life wealth invest (cpf) + ti benefit today,hsbc life wealth invest (cpf) + ti benefit today,hsbc life wealth invest (cpf) + kernel:current-ti-benefit-estimate
covered,income-invest-flex,Invest Flex,Income Insurance,supported,supported,kernel:current-death-benefit-estimate,true,true,true,invest flex + death benefit today,invest flex + death benefit today,income-invest-flex + kernel:current-death-benefit-estimate
covered,income-invest-flex,Invest Flex,Income Insurance,supported,supported,kernel:current-ti-benefit-estimate,true,true,true,invest flex + ti benefit today,invest flex + ti benefit today,income-invest-flex + kernel:current-ti-benefit-estimate
covered,etiqa-invest-flex-prime-ii,Invest flex prime II,Etiqa,supported,supported,kernel:current-death-benefit-estimate,true,true,true,etiqa-invest-flex-prime-ii + death benefit today,invest flex prime ii + death benefit today,etiqa-invest-flex-prime-ii + kernel:current-death-benefit-estimate
covered,etiqa-invest-flex-prime-ii,Invest flex prime II,Etiqa,supported,supported,kernel:current-ti-benefit-estimate,true,true,true,etiqa-invest-flex-prime-ii + ti benefit today,invest flex prime ii + ti benefit today,etiqa-invest-flex-prime-ii + kernel:current-ti-benefit-estimate
covered,etiqa-invest-flex-pro,Invest flex pro,Etiqa,supported,supported,kernel:current-death-benefit-estimate,true,true,true,etiqa-invest-flex-pro + death benefit today,invest flex pro + death benefit today,etiqa-invest-flex-pro + kernel:current-death-benefit-estimate
covered,etiqa-invest-flex-pro,Invest flex pro,Etiqa,supported,supported,kernel:current-ti-benefit-estimate,true,true,true,etiqa-invest-flex-pro + ti benefit today,invest flex pro + ti benefit today,etiqa-invest-flex-pro + kernel:current-ti-benefit-estimate
covered,income-invest-flex-trivantage,Invest Flex TriVantage,Income Insurance,supported,supported,kernel:current-death-benefit-estimate,true,true,true,income-invest-flex-trivantage + death benefit today,invest flex trivantage + death benefit today,income-invest-flex-trivantage + kernel:current-death-benefit-estimate
covered,income-invest-flex-trivantage,Invest Flex TriVantage,Income Insurance,supported,supported,kernel:current-ti-benefit-estimate,true,true,true,income-invest-flex-trivantage + ti benefit today,invest flex trivantage + ti benefit today,income-invest-flex-trivantage + kernel:current-ti-benefit-estimate
covered,income-invest-flex-vantage,Invest Flex Vantage,Income Insurance,supported,supported,kernel:current-death-benefit-estimate,true,true,true,income-invest-flex-vantage + death benefit today,invest flex vantage + death benefit today,income-invest-flex-vantage + kernel:current-death-benefit-estimate
covered,income-invest-flex-vantage,Invest Flex Vantage,Income Insurance,supported,supported,kernel:current-ti-benefit-estimate,true,true,true,income-invest-flex-vantage + ti benefit today,invest flex vantage + ti benefit today,income-invest-flex-vantage + kernel:current-ti-benefit-estimate
covered,etiqa-invest-flex-wealth-ii,Invest flex wealth II,Etiqa,supported,supported,kernel:current-death-benefit-estimate,true,true,true,etiqa-invest-flex-wealth-ii + death benefit today,invest flex wealth ii + death benefit today,etiqa-invest-flex-wealth-ii + kernel:current-death-benefit-estimate
covered,etiqa-invest-flex-wealth-ii,Invest flex wealth II,Etiqa,supported,supported,kernel:current-ti-benefit-estimate,true,true,true,etiqa-invest-flex-wealth-ii + ti benefit today,invest flex wealth ii + ti benefit today,etiqa-invest-flex-wealth-ii + kernel:current-ti-benefit-estimate
covered,etiqa-invest-plus-sp,Invest plus SP,Etiqa,supported,supported,kernel:current-death-benefit-estimate,true,true,true,etiqa-invest-plus-sp + death benefit today,invest plus sp + death benefit today,etiqa-invest-plus-sp + kernel:current-death-benefit-estimate
covered,etiqa-invest-smart-flex-ii,Invest smart flex II,Etiqa,supported,supported,kernel:current-death-benefit-estimate,true,true,true,etiqa-invest-smart-flex-ii + death benefit today,invest smart flex ii + death benefit today,etiqa-invest-smart-flex-ii + kernel:current-death-benefit-estimate
covered,etiqa-invest-smart-flex-ii,Invest smart flex II,Etiqa,supported,supported,kernel:current-ti-benefit-estimate,true,true,true,etiqa-invest-smart-flex-ii + ti benefit today,invest smart flex ii + ti benefit today,etiqa-invest-smart-flex-ii + kernel:current-ti-benefit-estimate
covered,etiqa-invest-smart-vista,Invest Smart Vista,Etiqa,supported,supported,kernel:current-death-benefit-estimate,true,true,true,etiqa-invest-smart-vista + death benefit today,invest smart vista + death benefit today,etiqa-invest-smart-vista + kernel:current-death-benefit-estimate
covered,etiqa-invest-smart-vista,Invest Smart Vista,Etiqa,supported,supported,kernel:current-ti-benefit-estimate,true,true,true,etiqa-invest-smart-vista + ti benefit today,invest smart vista + ti benefit today,etiqa-invest-smart-vista + kernel:current-ti-benefit-estimate
covered,etiqa-invest-starter,Invest starter,Etiqa,supported,supported,kernel:current-death-benefit-estimate,true,true,true,etiqa-invest-starter + death benefit today,invest starter + death benefit today,etiqa-invest-starter + kernel:current-death-benefit-estimate
covered,etiqa-invest-starter,Invest starter,Etiqa,supported,supported,kernel:current-ti-benefit-estimate,true,true,true,etiqa-invest-starter + ti benefit today,invest starter + ti benefit today,etiqa-invest-starter + kernel:current-ti-benefit-estimate
covered,etiqa-invest-vista,Invest vista,Etiqa,supported,supported,kernel:current-death-benefit-estimate,true,true,true,etiqa-invest-vista + death benefit today,invest vista + death benefit today,etiqa-invest-vista + kernel:current-death-benefit-estimate
covered,etiqa-invest-vista,Invest vista,Etiqa,supported,supported,kernel:current-ti-benefit-estimate,true,true,true,invest vista + ti benefit today,invest vista + ti benefit today,etiqa-invest-vista + kernel:current-ti-benefit-estimate
covered,etiqa-invest-wealth-purpose,Invest Wealth Purpose,Etiqa,supported,supported,kernel:current-death-benefit-estimate,true,true,true,etiqa-invest-wealth-purpose + death benefit today,invest wealth purpose + death benefit today,etiqa-invest-wealth-purpose + kernel:current-death-benefit-estimate
covered,etiqa-invest-wealth-purpose,Invest Wealth Purpose,Etiqa,supported,supported,kernel:current-ti-benefit-estimate,true,true,true,etiqa-invest-wealth-purpose + ti benefit today,invest wealth purpose + ti benefit today,etiqa-invest-wealth-purpose + kernel:current-ti-benefit-estimate
covered,great-eastern-investment-linked-insurance-plan-2,Investment-linked Insurance Plan 2,Great Eastern,supported,supported,kernel:current-death-benefit-estimate,true,true,true,great-eastern-investment-linked-insurance-plan-2 + death benefit today,investment-linked insurance plan 2 + death benefit today,great-eastern-investment-linked-insurance-plan-2 + kernel:current-death-benefit-estimate
covered,great-eastern-investment-linked-insurance-plan-2,Investment-linked Insurance Plan 2,Great Eastern,supported,supported,kernel:current-ti-benefit-estimate,true,true,true,great-eastern-investment-linked-insurance-plan-2 + ti benefit today,investment-linked insurance plan 2 + ti benefit today,great-eastern-investment-linked-insurance-plan-2 + kernel:current-ti-benefit-estimate
covered,great-eastern-investment-linked-insurance-plan-2,Investment-linked Insurance Plan 2,Great Eastern,supported,supported,kernel:current-tpd-benefit-estimate,true,true,true,great-eastern-investment-linked-insurance-plan-2 + tpd benefit today,investment-linked insurance plan 2 + tpd benefit today,great-eastern-investment-linked-insurance-plan-2 + kernel:current-tpd-benefit-estimate
covered,income-legacy-flex-solitaire,Legacy Flex Solitaire (VA3S / VA3R),Income Insurance,supported,supported,kernel:current-death-benefit-estimate,true,true,true,legacy flex solitaire (va3s / va3r) + death benefit today,legacy flex solitaire (va3s / va3r) + death benefit today,income-legacy-flex-solitaire + kernel:current-death-benefit-estimate
covered,income-legacy-flex-solitaire,Legacy Flex Solitaire (VA3S / VA3R),Income Insurance,supported,supported,kernel:current-ti-benefit-estimate,true,true,true,legacy flex solitaire (va3s / va3r) + ti benefit today,legacy flex solitaire (va3s / va3r) + terminal-illness benefit estimate,income-legacy-flex-solitaire + kernel:current-ti-benefit-estimate
covered,manulife-manuinvest-duo,ManuInvest Duo,Manulife Singapore,supported,supported,kernel:current-death-benefit-estimate,true,true,true,manulife-manuinvest-duo + current death-benefit estimate,manuinvest duo + death benefit today,manulife-manuinvest-duo + kernel:current-death-benefit-estimate
covered,manulife-manuinvest-duo,ManuInvest Duo,Manulife Singapore,supported,supported,kernel:current-residual-death-benefit-after-ti-estimate,true,true,true,manulife-manuinvest-duo + residual death benefit after a ti claim today,manuinvest duo + death benefit after ti claim today,manulife-manuinvest-duo + kernel:current-residual-death-benefit-after-ti-estimate
covered,manulife-manuinvest-duo,ManuInvest Duo,Manulife Singapore,supported,supported,kernel:current-residual-death-benefit-after-tpd-estimate,true,true,true,manulife-manuinvest-duo + residual death benefit after a tpd claim today,manuinvest duo + current residual death-benefit estimate after a tpd claim today,manulife-manuinvest-duo + kernel:current-residual-death-benefit-after-tpd-estimate
covered,manulife-manuinvest-duo,ManuInvest Duo,Manulife Singapore,supported,supported,kernel:current-ti-benefit-estimate,true,true,true,manulife-manuinvest-duo + ti benefit today,manuinvest duo + terminal-illness benefit estimate,manulife-manuinvest-duo + kernel:current-ti-benefit-estimate
covered,manulife-manuinvest-duo,ManuInvest Duo,Manulife Singapore,supported,supported,kernel:current-tpd-benefit-estimate,true,true,true,manulife-manuinvest-duo + tpd benefit today,manuinvest duo + current tpd benefit estimate,manulife-manuinvest-duo + kernel:current-tpd-benefit-estimate
covered,manulife-investready-iii,Manulife InvestReady (III),Manulife Singapore,supported,supported,kernel:current-death-benefit-estimate,true,true,true,manulife-investready-iii + current death-benefit estimate,manulife investready + current-state death-benefit estimate,manulife investready (iii) + kernel:current-death-benefit-estimate
covered,manulife-investready-iii-sep-2025,Manulife InvestReady (III),Manulife Singapore,supported,supported,kernel:current-death-benefit-estimate,true,true,true,manulife investready (iii) + death benefit today,manulife investready + current-state death-benefit estimate,manulife investready (iii) + kernel:current-death-benefit-estimate
covered,manulife-investready-iii,Manulife InvestReady (III),Manulife Singapore,supported,supported,kernel:current-residual-death-benefit-after-ti-estimate,true,true,true,manulife-investready-iii + residual death benefit after a ti claim today,manulife investready + death benefit after ti claim today,manulife investready (iii) + kernel:current-residual-death-benefit-after-ti-estimate
covered,manulife-investready-iii-sep-2025,Manulife InvestReady (III),Manulife Singapore,supported,supported,kernel:current-residual-death-benefit-after-ti-estimate,true,true,true,manulife investready + residual death benefit after a ti claim today,manulife investready + death benefit after ti claim today,manulife investready (iii) + kernel:current-residual-death-benefit-after-ti-estimate
covered,manulife-investready-iii,Manulife InvestReady (III),Manulife Singapore,supported,supported,kernel:current-ti-benefit-estimate,true,true,true,manulife-investready-iii + ti benefit today,manulife investready + terminal-illness benefit estimate,manulife investready (iii) + kernel:current-ti-benefit-estimate
covered,manulife-investready-iii-sep-2025,Manulife InvestReady (III),Manulife Singapore,supported,supported,kernel:current-ti-benefit-estimate,true,true,true,manulife investready + ti benefit today,manulife investready + terminal-illness benefit estimate,manulife investready (iii) + kernel:current-ti-benefit-estimate
covered,manulife-investready-growth,Manulife InvestReady Growth,Manulife Singapore,supported,supported,kernel:current-death-benefit-estimate,true,true,true,manulife-investready-growth + death benefit today,manulife investready growth + current-state death-benefit estimate,manulife-investready-growth + kernel:current-death-benefit-estimate
covered,manulife-investready-growth,Manulife InvestReady Growth,Manulife Singapore,supported,supported,kernel:current-residual-death-benefit-after-ti-estimate,true,true,true,manulife-investready-growth + residual death benefit after a ti claim today,manulife investready growth + death benefit after ti claim today,manulife-investready-growth + kernel:current-residual-death-benefit-after-ti-estimate
covered,manulife-investready-growth,Manulife InvestReady Growth,Manulife Singapore,supported,supported,kernel:current-ti-benefit-estimate,true,true,true,manulife-investready-growth + ti benefit today,manulife investready growth + terminal-illness benefit estimate,manulife-investready-growth + kernel:current-ti-benefit-estimate
covered,manulife-smartretire-v-income,Manulife SmartRetire (V) - Income,Manulife Singapore,supported,supported,kernel:current-death-benefit-estimate,true,true,true,manulife smartretire (v) - income + current death-benefit estimate,manulife smartretire (v) - income + death benefit today,manulife smartretire (v) - income + kernel:current-death-benefit-estimate
covered,manulife-smartretire-v-sum,Manulife SmartRetire (V) - Sum,Manulife Singapore,supported,supported,kernel:current-death-benefit-estimate,true,true,true,manulife smartretire (v) - sum + current death-benefit estimate,manulife smartretire (v) - sum + death benefit today,manulife smartretire (v) - sum + kernel:current-death-benefit-estimate
covered,manulife-manulink-investor-ii,Manulink Investor (II),Manulife Singapore,supported,supported,kernel:current-death-benefit-estimate,true,true,true,manulife-manulink-investor-ii + death benefit today,manulink investor (ii) + death benefit today,manulife-manulink-investor-ii + kernel:current-death-benefit-estimate
covered,manulife-manulink-investor-ii,Manulink Investor (II),Manulife Singapore,supported,supported,kernel:current-residual-death-benefit-after-ti-estimate,true,true,true,manulife-manulink-investor-ii + residual death benefit after a ti claim today,manulink investor (ii) + death benefit after ti claim today,manulife-manulink-investor-ii + kernel:current-residual-death-benefit-after-ti-estimate
covered,manulife-manulink-investor-ii,Manulink Investor (II),Manulife Singapore,supported,supported,kernel:current-ti-benefit-estimate,true,true,true,manulife-manulink-investor-ii + ti benefit today,manulink investor (ii) + terminal-illness benefit estimate,manulife-manulink-investor-ii + kernel:current-ti-benefit-estimate
covered,great-eastern-prestige-legacy-advantage,Prestige Legacy Advantage,Great Eastern,supported,supported,kernel:current-death-benefit-estimate,true,true,true,great-eastern-prestige-legacy-advantage + death benefit today,prestige legacy advantage + current-state death-benefit estimate,great-eastern-prestige-legacy-advantage + kernel:current-death-benefit-estimate
covered,great-eastern-prestige-legacy-advantage,Prestige Legacy Advantage,Great Eastern,supported,supported,kernel:current-ti-benefit-estimate,true,true,true,great-eastern-prestige-legacy-advantage + ti benefit today,prestige legacy advantage + ti benefit today,great-eastern-prestige-legacy-advantage + kernel:current-ti-benefit-estimate
covered,great-eastern-prestige-portfolio,Prestige Portfolio,Great Eastern,supported,supported,kernel:current-accidental-death-benefit-estimate,true,true,true,great-eastern-prestige-portfolio + accidental death benefit today,prestige portfolio + accidental death benefit today,great-eastern-prestige-portfolio + kernel:current-accidental-death-benefit-estimate
covered,great-eastern-prestige-portfolio,Prestige Portfolio,Great Eastern,supported,supported,kernel:current-death-benefit-estimate,true,true,true,great-eastern-prestige-portfolio + death benefit today,prestige portfolio + current-state death-benefit estimate,great-eastern-prestige-portfolio + kernel:current-death-benefit-estimate
covered,prudential-pruactive-linkguard,PRUActive LinkGuard,Prudential,supported,supported,kernel:current-death-benefit-estimate,true,true,true,prudential-pruactive-linkguard + death benefit today,pruactive linkguard + death benefit today,prudential-pruactive-linkguard + kernel:current-death-benefit-estimate
covered,prudential-pruactive-linkguard,PRUActive LinkGuard,Prudential,supported,supported,kernel:current-ti-benefit-estimate,true,true,true,prudential-pruactive-linkguard + ti benefit today,pruactive linkguard + ti benefit today,prudential-pruactive-linkguard + kernel:current-ti-benefit-estimate
covered,prudential-pruactive-linkguard,PRUActive LinkGuard,Prudential,supported,supported,kernel:current-tpd-benefit-estimate,true,true,true,prudential-pruactive-linkguard + tpd benefit today,pruactive linkguard + tpd benefit today,prudential-pruactive-linkguard + kernel:current-tpd-benefit-estimate
covered,prudential-prulink-investgrowth,PRULink InvestGrowth,Prudential,supported,supported,kernel:current-death-benefit-estimate,true,true,true,prudential-prulink-investgrowth + death benefit today,prulink investgrowth + death benefit today,prudential-prulink-investgrowth + kernel:current-death-benefit-estimate
covered,prudential-prulink-investgrowth-sp,PRULink InvestGrowth (SP),Prudential,supported,supported,kernel:current-death-benefit-estimate,true,true,true,prudential-prulink-investgrowth-sp + death benefit today,prulink investgrowth (sp) + death benefit today,prudential-prulink-investgrowth-sp + kernel:current-death-benefit-estimate
covered,prudential-pruvantage-assure-sp,PRUVantage Assure (SP),Prudential,supported,supported,kernel:current-accidental-disability-benefit-estimate,true,true,true,pruvantage assure + accidental disability benefit today,pruvantage assure (sp) + accidental disability benefit today,pruvantage assure + kernel:current-accidental-disability-benefit-estimate
covered,prudential-pruvantage-assure-sp,PRUVantage Assure (SP),Prudential,supported,supported,kernel:current-death-benefit-estimate,true,true,true,prudential-pruvantage-assure-sp + death benefit today,pruvantage assure + current-state death-benefit estimate,pruvantage assure + kernel:current-death-benefit-estimate
covered,prudential-pruvantage-assure-ii,PRUVantage Assure II,Prudential,supported,supported,kernel:current-accidental-disability-benefit-estimate,true,true,true,prudential-pruvantage-assure-ii + accidental disability benefit today,pruvantage assure ii + accidental disability benefit today,prudential-pruvantage-assure-ii + kernel:current-accidental-disability-benefit-estimate
covered,prudential-pruvantage-assure-ii,PRUVantage Assure II,Prudential,supported,supported,kernel:current-death-benefit-estimate,true,true,true,prudential-pruvantage-assure-ii + death benefit today,pruvantage assure ii + current-state death-benefit estimate,prudential-pruvantage-assure-ii + kernel:current-death-benefit-estimate
covered,prudential-pruvantage-prosper,PRUVantage Prosper,Prudential,supported,supported,kernel:current-accidental-death-benefit-estimate,true,true,true,prudential-pruvantage-prosper + accidental death benefit today,pruvantage prosper + current accidental-death estimate,prudential-pruvantage-prosper + kernel:current-accidental-death-benefit-estimate
covered,prudential-pruvantage-prosper,PRUVantage Prosper,Prudential,supported,supported,kernel:current-death-benefit-estimate,true,true,true,prudential-pruvantage-prosper + death benefit today,pruvantage prosper + current-state death-benefit estimate,prudential-pruvantage-prosper + kernel:current-death-benefit-estimate
covered,prudential-pruvantage-wealth-ii,PRUVantage Wealth II,Prudential,supported,supported,kernel:current-accidental-death-benefit-estimate,true,true,true,prudential-pruvantage-wealth-ii + accidental death benefit today,pruvantage wealth ii + current accidental-death estimate,prudential-pruvantage-wealth-ii + kernel:current-accidental-death-benefit-estimate
covered,prudential-pruvantage-wealth-ii,PRUVantage Wealth II,Prudential,supported,supported,kernel:current-accidental-disability-benefit-estimate,true,true,true,prudential-pruvantage-wealth-ii + accidental disability benefit today,pruvantage wealth ii + accidental disability benefit today,prudential-pruvantage-wealth-ii + kernel:current-accidental-disability-benefit-estimate
covered,prudential-pruvantage-wealth-ii,PRUVantage Wealth II,Prudential,supported,supported,kernel:current-death-benefit-estimate,true,true,true,prudential-pruvantage-wealth-ii + death benefit today,pruvantage wealth ii + current-state death-benefit estimate,prudential-pruvantage-wealth-ii + kernel:current-death-benefit-estimate
covered,singlife-legacy-invest,Singlife Legacy Invest,Singlife,supported,supported,kernel:current-death-benefit-estimate,true,true,true,singlife-legacy-invest + death benefit today,singlife legacy invest + death benefit today,singlife-legacy-invest + kernel:current-death-benefit-estimate
covered,singlife-legacy-invest,Singlife Legacy Invest,Singlife,supported,supported,kernel:current-ti-benefit-estimate,true,true,true,singlife-legacy-invest + ti benefit today,singlife legacy invest + ti benefit today,singlife-legacy-invest + kernel:current-ti-benefit-estimate
covered,singlife-savvy-invest-ii,Singlife Savvy Invest II,Singlife,supported,supported,kernel:current-death-benefit-estimate,true,true,true,singlife-savvy-invest-ii + death benefit today,singlife savvy invest ii + death benefit today,singlife-savvy-invest-ii + kernel:current-death-benefit-estimate
covered,singlife-savvy-invest-ii,Singlife Savvy Invest II,Singlife,supported,supported,kernel:current-ti-benefit-estimate,true,true,true,singlife-savvy-invest-ii + ti benefit today,singlife savvy invest ii + ti benefit today,singlife-savvy-invest-ii + kernel:current-ti-benefit-estimate
covered,income-snack-investment,SNACK-Investment,Income Insurance,supported,supported,kernel:current-accidental-death-benefit-estimate,true,true,true,income-snack-investment + accidental death benefit today,snack-investment + current accidental-death estimate,income-snack-investment + kernel:current-accidental-death-benefit-estimate
covered,income-snack-investment,SNACK-Investment,Income Insurance,supported,supported,kernel:current-death-benefit-estimate,true,true,true,income-snack-investment + death benefit today,snack-investment + death benefit today,income-snack-investment + kernel:current-death-benefit-estimate
covered,etiqa-tiq-invest,Tiq Invest,Etiqa,supported,supported,kernel:current-death-benefit-estimate,true,true,true,etiqa-tiq-invest + death benefit today,tiq invest + death benefit today,etiqa-tiq-invest + kernel:current-death-benefit-estimate
covered,etiqa-tiq-invest,Tiq Invest,Etiqa,supported,supported,kernel:current-ti-benefit-estimate,true,true,true,etiqa-tiq-invest + ti benefit today,tiq invest + ti benefit today,etiqa-tiq-invest + kernel:current-ti-benefit-estimate
covered,tokio-marine-atlas-wealth,TM Atlas Wealth,Tokio Marine,supported,supported,kernel:current-death-benefit-estimate,true,true,true,tokio-marine-atlas-wealth + death benefit today,tm atlas wealth + death benefit today,tokio-marine-atlas-wealth + kernel:current-death-benefit-estimate
covered,tokio-marine-wealth-enhancer-cpfis,TM Wealth Enhancer (CPFIS),Tokio Marine,supported,supported,kernel:current-death-benefit-estimate,true,true,true,tokio-marine-wealth-enhancer-cpfis + death benefit today,tm wealth enhancer (cpfis) + death benefit today,tokio-marine-wealth-enhancer-cpfis + kernel:current-death-benefit-estimate
covered,hsbc-life-wealth-abundance,Wealth Abundance,HSBC Life,supported,supported,kernel:current-accidental-death-benefit-estimate,true,true,true,hsbc-life-wealth-abundance + accidental death benefit today,wealth abundance + current accidental-death estimate,hsbc-life-wealth-abundance + kernel:current-accidental-death-benefit-estimate
covered,hsbc-life-wealth-abundance,Wealth Abundance,HSBC Life,supported,supported,kernel:current-death-benefit-estimate,true,true,true,hsbc-life-wealth-abundance + death benefit today,wealth abundance + current-state death-benefit estimate,hsbc-life-wealth-abundance + kernel:current-death-benefit-estimate
covered,hsbc-life-wealth-abundance,Wealth Abundance,HSBC Life,supported,supported,kernel:current-ti-benefit-estimate,true,true,true,hsbc-life-wealth-abundance + ti benefit today,wealth abundance + ti benefit today,hsbc-life-wealth-abundance + kernel:current-ti-benefit-estimate
covered,hsbc-life-wealth-accelerate,Wealth Accelerate,HSBC Life,supported,supported,kernel:current-death-benefit-estimate,true,true,true,hsbc-life-wealth-accelerate + death benefit today,wealth accelerate + current-state death-benefit estimate,hsbc-life-wealth-accelerate + kernel:current-death-benefit-estimate
covered,hsbc-life-wealth-accelerate,Wealth Accelerate,HSBC Life,supported,supported,kernel:current-ti-benefit-estimate,true,true,true,hsbc-life-wealth-accelerate + ti benefit today,wealth accelerate + ti benefit today,hsbc-life-wealth-accelerate + kernel:current-ti-benefit-estimate
covered,tokio-marine-wealth-builder-atfuture,Wealth Builder@Future,Tokio Marine,supported,supported,kernel:current-death-benefit-estimate,true,true,true,tokio-marine-wealth-builder-atfuture + death benefit today,wealth builder@future + death benefit today,tokio-marine-wealth-builder-atfuture + kernel:current-death-benefit-estimate
covered,tokio-marine-wealth-flexi,Wealth Flexi,Tokio Marine,supported,supported,kernel:current-death-benefit-estimate,true,true,true,tokio-marine-wealth-flexi + death benefit today,wealth flexi + death benefit today,tokio-marine-wealth-flexi + kernel:current-death-benefit-estimate
covered,tokio-marine-wealth-flexi-link-3-12,Wealth Flexi-Link 3.12,Tokio Marine,supported,supported,kernel:current-accidental-death-benefit-estimate,true,true,true,tokio-marine-wealth-flexi-link-3-12 + accidental death benefit today,wealth flexi-link 3.12 + current accidental-death estimate,tokio-marine-wealth-flexi-link-3-12 + kernel:current-accidental-death-benefit-estimate
covered,tokio-marine-wealth-flexi-link-3-12,Wealth Flexi-Link 3.12,Tokio Marine,supported,supported,kernel:current-death-benefit-estimate,true,true,true,tokio-marine-wealth-flexi-link-3-12 + death benefit today,wealth flexi-link 3.12 + death benefit today,tokio-marine-wealth-flexi-link-3-12 + kernel:current-death-benefit-estimate
covered,tokio-marine-wealth-flexi-link-5-10,Wealth Flexi-Link 5.10,Tokio Marine,supported,supported,kernel:current-accidental-death-benefit-estimate,true,true,true,tokio-marine-wealth-flexi-link-5-10 + accidental death benefit today,wealth flexi-link 5.10 + current accidental-death estimate,tokio-marine-wealth-flexi-link-5-10 + kernel:current-accidental-death-benefit-estimate
covered,tokio-marine-wealth-flexi-link-5-10,Wealth Flexi-Link 5.10,Tokio Marine,supported,supported,kernel:current-death-benefit-estimate,true,true,true,tokio-marine-wealth-flexi-link-5-10 + death benefit today,wealth flexi-link 5.10 + death benefit today,tokio-marine-wealth-flexi-link-5-10 + kernel:current-death-benefit-estimate
covered,hsbc-life-wealth-focus-flexi-1,Wealth Focus (Flexi 1),HSBC Life,supported,supported,kernel:current-accidental-death-benefit-estimate,true,true,true,wealth focus + accidental death benefit today,wealth focus + accidental death benefit today,wealth focus + kernel:current-accidental-death-benefit-estimate
covered,hsbc-life-wealth-focus-flexi-1,Wealth Focus (Flexi 1),HSBC Life,supported,supported,kernel:current-death-benefit-estimate,true,true,true,wealth focus + current death-benefit estimate,wealth focus + death benefit today,wealth focus + kernel:current-death-benefit-estimate
covered,hsbc-life-wealth-focus-flexi-1,Wealth Focus (Flexi 1),HSBC Life,supported,supported,kernel:current-residual-death-benefit-after-ti-estimate,true,true,true,wealth focus + death benefit after ti claim today,wealth focus + death benefit after ti claim today,wealth focus + kernel:current-residual-death-benefit-after-ti-estimate
covered,hsbc-life-wealth-focus-flexi-1,Wealth Focus (Flexi 1),HSBC Life,supported,supported,kernel:current-ti-benefit-estimate,true,true,true,wealth focus + ti benefit today,wealth focus + ti benefit today,wealth focus + kernel:current-ti-benefit-estimate
covered,hsbc-life-wealth-focus-flexi-3,Wealth Focus (Flexi 3),HSBC Life,supported,supported,kernel:current-accidental-death-benefit-estimate,true,true,true,hsbc-life-wealth-focus-flexi-3 + accidental death benefit today,wealth focus (flexi 3) + accidental death benefit today,hsbc-life-wealth-focus-flexi-3 + kernel:current-accidental-death-benefit-estimate
covered,hsbc-life-wealth-focus-flexi-3,Wealth Focus (Flexi 3),HSBC Life,supported,supported,kernel:current-death-benefit-estimate,true,true,true,hsbc-life-wealth-focus-flexi-3 + current death-benefit estimate,wealth focus (flexi 3) + death benefit today,hsbc-life-wealth-focus-flexi-3 + kernel:current-death-benefit-estimate
covered,hsbc-life-wealth-focus-flexi-3,Wealth Focus (Flexi 3),HSBC Life,supported,supported,kernel:current-residual-death-benefit-after-ti-estimate,true,true,true,hsbc-life-wealth-focus-flexi-3 + death benefit after ti claim today,wealth focus (flexi 3) + death benefit after ti claim today,hsbc-life-wealth-focus-flexi-3 + kernel:current-residual-death-benefit-after-ti-estimate
covered,hsbc-life-wealth-focus-flexi-3,Wealth Focus (Flexi 3),HSBC Life,supported,supported,kernel:current-ti-benefit-estimate,true,true,true,hsbc-life-wealth-focus-flexi-3 + ti benefit today,wealth focus (flexi 3) + ti benefit today,hsbc-life-wealth-focus-flexi-3 + kernel:current-ti-benefit-estimate
covered,hsbc-life-wealth-focus-flexi-5,Wealth Focus (Flexi 5),HSBC Life,supported,supported,kernel:current-accidental-death-benefit-estimate,true,true,true,wealth focus + accidental death benefit today,wealth focus + accidental death benefit today,wealth focus + kernel:current-accidental-death-benefit-estimate
covered,hsbc-life-wealth-focus-flexi-5,Wealth Focus (Flexi 5),HSBC Life,supported,supported,kernel:current-death-benefit-estimate,true,true,true,wealth focus + current death-benefit estimate,wealth focus + death benefit today,wealth focus + kernel:current-death-benefit-estimate
covered,hsbc-life-wealth-focus-flexi-5,Wealth Focus (Flexi 5),HSBC Life,supported,supported,kernel:current-residual-death-benefit-after-ti-estimate,true,true,true,wealth focus + death benefit after ti claim today,wealth focus + death benefit after ti claim today,wealth focus + kernel:current-residual-death-benefit-after-ti-estimate
covered,hsbc-life-wealth-focus-flexi-5,Wealth Focus (Flexi 5),HSBC Life,supported,supported,kernel:current-ti-benefit-estimate,true,true,true,wealth focus + ti benefit today,wealth focus + ti benefit today,wealth focus + kernel:current-ti-benefit-estimate
covered,hsbc-life-wealth-harvest,Wealth Harvest,HSBC Life,supported,supported,kernel:current-death-benefit-estimate,true,true,true,hsbc-life-wealth-harvest + death benefit today,wealth harvest + current-state death-benefit estimate,hsbc-life-wealth-harvest + kernel:current-death-benefit-estimate
covered,hsbc-life-wealth-harvest,Wealth Harvest,HSBC Life,supported,supported,kernel:current-ti-benefit-estimate,true,true,true,hsbc-life-wealth-harvest + ti benefit today,wealth harvest + ti benefit today,hsbc-life-wealth-harvest + kernel:current-ti-benefit-estimate
covered,tokio-marine-wealth-max-ii,Wealth Max (II),Tokio Marine,supported,supported,kernel:current-death-benefit-estimate,true,true,true,tokio-marine-wealth-max-ii + death benefit today,wealth max (ii) + death benefit today,tokio-marine-wealth-max-ii + kernel:current-death-benefit-estimate
covered,tokio-marine-wealth-pro-ii,Wealth Pro (II),Tokio Marine,supported,supported,kernel:current-death-benefit-estimate,true,true,true,tokio-marine-wealth-pro-ii + death benefit today,wealth pro (ii) + death benefit today,tokio-marine-wealth-pro-ii + kernel:current-death-benefit-estimate
covered,hsbc-life-wealth-voyage,Wealth Voyage,HSBC Life,supported,supported,kernel:current-accidental-death-benefit-estimate,true,true,true,hsbc-life-wealth-voyage + accidental death benefit today,wealth voyage + current accidental-death estimate,hsbc-life-wealth-voyage + kernel:current-accidental-death-benefit-estimate
covered,hsbc-life-wealth-voyage,Wealth Voyage,HSBC Life,supported,supported,kernel:current-death-benefit-estimate,true,true,true,hsbc-life-wealth-voyage + death benefit today,wealth voyage + current-state death-benefit estimate,hsbc-life-wealth-voyage + kernel:current-death-benefit-estimate
covered,hsbc-life-wealth-voyage,Wealth Voyage,HSBC Life,supported,supported,kernel:current-ti-benefit-estimate,true,true,true,hsbc-life-wealth-voyage + ti benefit today,wealth voyage + ti benefit today,hsbc-life-wealth-voyage + kernel:current-ti-benefit-estimate
covered,income-wealthlink-gl3,WealthLink (GL3),Income Insurance,supported,supported,kernel:current-accidental-death-benefit-estimate,true,true,true,income-wealthlink-gl3 + accidental death benefit today,wealthlink (gl3) + current accidental-death estimate,income-wealthlink-gl3 + kernel:current-accidental-death-benefit-estimate
covered,income-wealthlink-gl3,WealthLink (GL3),Income Insurance,supported,supported,kernel:current-death-benefit-estimate,true,true,true,income-wealthlink-gl3 + death benefit today,wealthlink (gl3) + death benefit today,income-wealthlink-gl3 + kernel:current-death-benefit-estimate
