url	path
https://assets-au-01.kc-usercontent.com:443/8acbd32f-b7e0-0294-6b7d-a2bc72d6b30c/10963d53-c456-4e15-9cc3-fe4d83bda609/Global%20Bond%20Fund%20ok.pdf	248a27d15709c4cc487908bdc577938591cb5a2d.pdf
https://assets-au-01.kc-usercontent.com:443/8acbd32f-b7e0-0294-6b7d-a2bc72d6b30c/3374f4f7-f11a-4b1b-b2d3-41426f010841/Income%20Japan%20Dividend%20Equity%20Fund%20-%20Nikko%20ok.pdf	ce970eb4d1c74f8ad2e3823fdb04770d3ada77b0.pdf
https://assets-au-01.kc-usercontent.com:443/8acbd32f-b7e0-0294-6b7d-a2bc72d6b30c/3763d121-5072-4ee0-bbfb-4a23542526d6/Income%20Asia%20Dividend%20Advantage%20Fund_Fullerton%20ok.pdf	dadfaf9a7767b3091a18ff0ba7dbbacfa695cddc.pdf
https://assets-au-01.kc-usercontent.com:443/8acbd32f-b7e0-0294-6b7d-a2bc72d6b30c/456f1083-ad05-4ea6-adcc-a9a33f4a7385/GDS%20Adventurous%20Fund%20ok.pdf	749200e1546239a3539efbbd9838c2729c3c2f22.pdf
https://assets-au-01.kc-usercontent.com:443/8acbd32f-b7e0-0294-6b7d-a2bc72d6b30c/465b66ba-c1c3-4a7d-b11c-a5352e3f1066/Global%20Equity%20Fund.pdf	de0c1434523ab7e2f5389c13cbc73dfd89d49a53.pdf
https://assets-au-01.kc-usercontent.com:443/8acbd32f-b7e0-0294-6b7d-a2bc72d6b30c/4daa6e26-2b5a-4514-9d0c-0e1c016e2249/Income%20US%20Large%20Cap%20Equity%20Fund_Schroders%20ok.pdf	8a7b61e53da3a57c03f30a98654588a835d51012.pdf
https://assets-au-01.kc-usercontent.com:443/8acbd32f-b7e0-0294-6b7d-a2bc72d6b30c/4de9d792-5e25-47e8-bbae-8b9888568cde/Income%20SGD%20Bond%20Fund%20-%20Fullerton%20ok.pdf	0fce9d39dc515f85c7b4b78addae179628cc791e.pdf
https://assets-au-01.kc-usercontent.com:443/8acbd32f-b7e0-0294-6b7d-a2bc72d6b30c/51e53a30-1672-46c4-b9eb-b2fc9abab686/Money%20Market%20Fund%20ok.pdf	da611a3ad8d012b751268a9bcea84cb76af92e1e.pdf
https://assets-au-01.kc-usercontent.com:443/8acbd32f-b7e0-0294-6b7d-a2bc72d6b30c/52388db9-5373-4735-b06b-dde5053411bd/Income%20Global%20Absolute%20Alpha%20Fund%20-%20Fullerton%20ok.pdf	6992786d43d294597b24efc932d4036b3c358aaf.pdf
https://assets-au-01.kc-usercontent.com:443/8acbd32f-b7e0-0294-6b7d-a2bc72d6b30c/526f2093-af73-49b8-8d2f-d0b9fc79bf4a/Income%20Global%20Growth%20Equity%20Fund_Fundsmith%20ok.pdf	7e227e2dd30d93396150020406191c7e5707dd80.pdf
https://assets-au-01.kc-usercontent.com:443/8acbd32f-b7e0-0294-6b7d-a2bc72d6b30c/573f1083-1827-4934-ba26-bcefc8115b34/Income%20Regional%20China%20Fund_Fullerton%20ok.pdf	6a3d016cfe2451b5472ee9cec45674e455aa58da.pdf
https://assets-au-01.kc-usercontent.com:443/8acbd32f-b7e0-0294-6b7d-a2bc72d6b30c/60dc6353-e335-4355-8643-6dbd838fb687/Asia%20Dynamic%20Return%20Fund_Fullerton%20ok.pdf	143789841452ff373738d6f9dee407a909d9f42e.pdf
https://assets-au-01.kc-usercontent.com:443/8acbd32f-b7e0-0294-6b7d-a2bc72d6b30c/6b9e1ccb-2973-4425-8e5b-b373c5b6d9b3/Asian%20Equity%20Fund_Schroders%20ok.pdf	cb033d660878fd74bca303254eb0e74aea13cd18.pdf
https://assets-au-01.kc-usercontent.com:443/8acbd32f-b7e0-0294-6b7d-a2bc72d6b30c/6d911045-4e56-41c4-97cd-2f07cda36ea8/Takaful%20Fund%20ok.pdf	cff7a6690aef9566e58227da5513f81a41455ce7.pdf
https://assets-au-01.kc-usercontent.com:443/8acbd32f-b7e0-0294-6b7d-a2bc72d6b30c/74e79e61-3b63-4bb3-b4e3-eb36b5fa4d00/Income%20Global%20Eco%20Fund_Allianz%20ok.pdf	9f40672e1094f79b6ff17dff5b5ccd2cb30090a1.pdf
https://assets-au-01.kc-usercontent.com:443/8acbd32f-b7e0-0294-6b7d-a2bc72d6b30c/7e7b1cb4-a00e-4218-a34e-5810db196096/Income%20US%20Dividend%20and%20Growth%20Fund_Allianz%20ok.pdf	ee07c171e1ee9143f12c17f8091026796c5a6a0b.pdf
https://assets-au-01.kc-usercontent.com:443/8acbd32f-b7e0-0294-6b7d-a2bc72d6b30c/90932cc5-a9e0-4664-b95e-5ad67caf9409/Income%20Global%20Dynamic%20Bond%20Fund%20_Pimco%20ok.pdf	5b331778c3f5a0f8c374f266a6cfa2652821dad2.pdf
https://assets-au-01.kc-usercontent.com:443/8acbd32f-b7e0-0294-6b7d-a2bc72d6b30c/90c6a3ff-3929-452e-97e0-0ee7c3c8bb96/Global%20Technology%20Fund%20ok.pdf	9efbe1800b22ca157d30bdd7514b455309a68b0b.pdf
https://assets-au-01.kc-usercontent.com:443/8acbd32f-b7e0-0294-6b7d-a2bc72d6b30c/918c6a3d-e127-41a9-a5fa-daafd498f3a4/Income%20Singapore%20Dividend%20Equity%20Fund%20-%20Nikko%20ok.pdf	95bff8df3b4800bb4b8de5e139e1c985bcfcac82.pdf
https://assets-au-01.kc-usercontent.com:443/8acbd32f-b7e0-0294-6b7d-a2bc72d6b30c/9cfd214a-808f-4d0c-9138-8a4cce149e0a/Asian%20Income%20Fund_Schroders%20ok.pdf	3a71a2c0071f51f0ac695b06b8e6bd27faeba354.pdf
https://assets-au-01.kc-usercontent.com:443/8acbd32f-b7e0-0294-6b7d-a2bc72d6b30c/a0bacc6f-a8de-4f96-98b9-8605a3430fda/Income%20India%20Equity%20Fund_Franklin%20Templeton%20ok.pdf	3b83cf327acb78437e4c9e129377f5fe5cf924d9.pdf
https://assets-au-01.kc-usercontent.com:443/8acbd32f-b7e0-0294-6b7d-a2bc72d6b30c/aadbdec9-3965-41a3-a2fa-e2ce20c988b1/Income%20Global%20Sustainable%20Fund_JPM%20ok.pdf	a05908a54c66065c2f0c9e28885e3f218c8df598.pdf
https://assets-au-01.kc-usercontent.com:443/8acbd32f-b7e0-0294-6b7d-a2bc72d6b30c/b5f6ed40-a270-48ab-bedd-b09722073743/Global%20Income%20Fund_Schroders%20ok.pdf	07526481356c7bc7c3205b35891e5f7b435ca3a0.pdf
https://assets-au-01.kc-usercontent.com:443/8acbd32f-b7e0-0294-6b7d-a2bc72d6b30c/baf26861-a44e-423e-ab1a-5d583d3e4fab/Asian%20Bond%20Fund%20ok.pdf	db96c751a8139440b41ce55ec038ee28fad699f7.pdf
https://assets-au-01.kc-usercontent.com:443/8acbd32f-b7e0-0294-6b7d-a2bc72d6b30c/bbc04db3-c8d3-41cc-ba36-f8f5aa3e64e3/GDS%20Managed%20Fund%20ok.pdf	10fe3fc8d6a600244a8469a00010ee7683db9c74.pdf
https://assets-au-01.kc-usercontent.com:443/8acbd32f-b7e0-0294-6b7d-a2bc72d6b30c/c3fb38df-e3e4-4a6b-a911-cf8dea0cb364/Asia%20Managed%20Fund%20ok.pdf	bc2a010916d3f01b2f787c9106ff69fbdb0150eb.pdf
https://assets-au-01.kc-usercontent.com:443/8acbd32f-b7e0-0294-6b7d-a2bc72d6b30c/c7a9bfc7-dd6f-428f-867c-30b67ca59dc1/GDS%20Balanced%20Fund%20ok.pdf	f9f6cb2709d3e1c3d85074a7d563748d4b8da833.pdf
https://assets-au-01.kc-usercontent.com:443/8acbd32f-b7e0-0294-6b7d-a2bc72d6b30c/d3557d62-95ee-4840-809e-7a2f80725498/Income%20Global%20Gold%20Equity%20Fund_Schroders%20ok.pdf	4affbda075892a8d64b935417cbc3da39eef2a75.pdf
https://assets-au-01.kc-usercontent.com:443/8acbd32f-b7e0-0294-6b7d-a2bc72d6b30c/d7d1be65-48af-46f5-983e-7abda82d7423/Income%20World%20Healthscience%20Fund_Blackrock.pdf	03ed6c15f1d7ce67011863b88dd1e93a8448fa20.pdf
https://assets-au-01.kc-usercontent.com:443/8acbd32f-b7e0-0294-6b7d-a2bc72d6b30c/ea0a62a8-4618-4f3e-a297-1eca9f18626c/Income%20Global%20Emerging%20Markets%20Equity%20Fund_JPM%20ok.pdf	2e287dfd20f337abb1ae1364cde15745ca5d22db.pdf
https://assets-au-01.kc-usercontent.com:443/8acbd32f-b7e0-0294-6b7d-a2bc72d6b30c/feae5f73-4ad7-4e9e-b9d1-b1f8cf869eaa/Income%20Global%20Artificial%20Intelligence%20Fund_Allianz%20ok.pdf	b44e589082eb3918c007451e2620770b25cd14f2.pdf
https://www.prudential.com.sg/-/media/project/prudential/pdf/ebrochures/prulink-funds-updated/factsheets/prulink-activeinvest-portfolio---balanced.pdf	360c3ebbb7a728d7105c4b54c873e633c735c1aa.pdf
https://www.prudential.com.sg/-/media/project/prudential/pdf/ebrochures/prulink-funds-updated/factsheets/prulink-activeinvest-portfolio---conservative.pdf	6ddb9a6bb49781f13e8252153021980adc4a01f9.pdf
https://www.prudential.com.sg/-/media/project/prudential/pdf/ebrochures/prulink-funds-updated/factsheets/prulink-activeinvest-portfolio---growth.pdf	579b76bacc1afbbd892a4d24d7fa499ef1ff1eef.pdf
https://www.prudential.com.sg/-/media/project/prudential/pdf/ebrochures/prulink-funds-updated/factsheets/prulink-activeinvest-portfolio---moderate.pdf	abf181a479ae7955faf7b515a7b6f6acf0d2ccbc.pdf
https://www.prudential.com.sg/-/media/project/prudential/pdf/ebrochures/prulink-funds-updated/factsheets/prulink-adapt-2035-fund-template.pdf	a7df0aa5f7ca03bb5b1dbc2d93da4c596a13c31b.pdf
https://www.prudential.com.sg/-/media/project/prudential/pdf/ebrochures/prulink-funds-updated/factsheets/prulink-america-fund-template.pdf	b7362d1fa8257565afad8f6fc1da7eb837013175.pdf
https://www.prudential.com.sg/-/media/project/prudential/pdf/ebrochures/prulink-funds-updated/factsheets/prulink-asian-american-managed-fund-template.pdf	6138d4549cef6b0893984aa36fa7374e2287197e.pdf
https://www.prudential.com.sg/-/media/project/prudential/pdf/ebrochures/prulink-funds-updated/factsheets/prulink-asian-equity-fund-template.pdf	ac10aa73b50ea4c828df44df663bb4e171d9fdf4.pdf
https://www.prudential.com.sg/-/media/project/prudential/pdf/ebrochures/prulink-funds-updated/factsheets/prulink-asian-income-and-growth-fund-template.pdf	8b16c13e78d72deb8fa5a461636c3d006754f4ab.pdf
https://www.prudential.com.sg/-/media/project/prudential/pdf/ebrochures/prulink-funds-updated/factsheets/prulink-asian-income-fund-template.pdf	23fbce1a7274aa201690fdcc06c599fa272d2e52.pdf
https://www.prudential.com.sg/-/media/project/prudential/pdf/ebrochures/prulink-funds-updated/factsheets/prulink-asian-multi-asset-income-fund-template.pdf	7990144bf76d58e91e43d3e6676cd17efd92fae1.pdf
https://www.prudential.com.sg/-/media/project/prudential/pdf/ebrochures/prulink-funds-updated/factsheets/prulink-emerging-markets-fund-template.pdf	86f6d2d77911e4dabb43d030c74a19abe0f56153.pdf
https://www.prudential.com.sg/-/media/project/prudential/pdf/ebrochures/prulink-funds-updated/factsheets/prulink-flexgrowth-fund.pdf	408a7cd693e0f77b91af10f266461eb715c6948e.pdf
https://www.prudential.com.sg/-/media/project/prudential/pdf/ebrochures/prulink-funds-updated/factsheets/prulink-global-bond-fund-template.pdf	a94c2d06cc65ffcd031b320e117c0586d4c32359.pdf
https://www.prudential.com.sg/-/media/project/prudential/pdf/ebrochures/prulink-funds-updated/factsheets/prulink-global-climate-change-equity-fund.pdf	d46c51cef93b29ff56684f3db3e8e0aad2d1154c.pdf
https://www.prudential.com.sg/-/media/project/prudential/pdf/ebrochures/prulink-funds-updated/factsheets/prulink-global-dividend-wealth-fund-distribution.pdf	c343e3cfb331bb560cba3082329e6ae705f16d99.pdf
https://www.prudential.com.sg/-/media/project/prudential/pdf/ebrochures/prulink-funds-updated/factsheets/prulink-global-fixed-income-fund-template.pdf	996128171e36f9f7ad45bce2f7ed06418226f559.pdf
https://www.prudential.com.sg/-/media/project/prudential/pdf/ebrochures/prulink-funds-updated/factsheets/prulink-global-growth-fund-accumulation.pdf	4f3291aae57cf9c3ce086f4511d7df06ab610278.pdf
https://www.prudential.com.sg/-/media/project/prudential/pdf/ebrochures/prulink-funds-updated/factsheets/prulink-global-impact-esg-equity-fund.pdf	d2028400e7357e1f6c6c65660399e628ba047acd.pdf
https://www.prudential.com.sg/-/media/project/prudential/pdf/ebrochures/prulink-funds-updated/factsheets/prulink-global-income-fund-accumulation.pdf	d1410b8413822f718d40d31ba6b4d2e54c554bfa.pdf
https://www.prudential.com.sg/-/media/project/prudential/pdf/ebrochures/prulink-funds-updated/factsheets/prulink-global-innovation-equity-fund.pdf	79ae538a0cf1531e14e716e75b7de2faaa0a0aed.pdf
https://www.prudential.com.sg/-/media/project/prudential/pdf/ebrochures/prulink-funds-updated/factsheets/prulink-global-managed-fund-template.pdf	1a2e68830f20e09dd806e087ff15e82df222d2fb.pdf
https://www.prudential.com.sg/-/media/project/prudential/pdf/ebrochures/prulink-funds-updated/factsheets/prulink-global-multi-asset-income-fund-template.pdf	e1901c807333a36c1523b05e6c6ddaf82a4f35ef.pdf
https://www.prudential.com.sg/-/media/project/prudential/pdf/ebrochures/prulink-funds-updated/factsheets/prulink-global-property-securities-fund-template.pdf	7529422dd023693268343287e38355759aa71e3f.pdf
https://www.prudential.com.sg/-/media/project/prudential/pdf/ebrochures/prulink-funds-updated/factsheets/prulink-global-signature-cio-growth-fund.pdf	0721b69402a3664e33a3215b464c05242d5ff9e2.pdf
https://www.prudential.com.sg/-/media/project/prudential/pdf/ebrochures/prulink-funds-updated/factsheets/prulink-global-signature-cio-income-fund.pdf	a05f1c355f98c852ad69005a718d632a050aeca2.pdf
https://www.prudential.com.sg/-/media/project/prudential/pdf/ebrochures/prulink-funds-updated/factsheets/prulink-global-technology-fund-template.pdf	2da13f9aa43318804b27bf1523d3d94370ad7903.pdf
https://www.prudential.com.sg/-/media/project/prudential/pdf/ebrochures/prulink-funds-updated/factsheets/prulink-greater-china-fund-template.pdf	0a181c13950dc52e6e932811de52a8b4e8583281.pdf
https://www.prudential.com.sg/-/media/project/prudential/pdf/ebrochures/prulink-funds-updated/factsheets/prulink-india-equity-template.pdf	a6d3c9d55c29b42319dc66501ab79471152fda5b.pdf
https://www.prudential.com.sg/-/media/project/prudential/pdf/ebrochures/prulink-funds-updated/factsheets/prulink-islamic-global-equity-index-fund-accumulation.pdf	3e8b8b133aef0cee1eb4bd8387de206641abd7c0.pdf
https://www.prudential.com.sg/-/media/project/prudential/pdf/ebrochures/prulink-funds-updated/factsheets/prulink-pan-european-fund-template.pdf	c9ba575c4d450fbf756e89a6829e6a95dceb4ef4.pdf
https://www.prudential.com.sg/-/media/project/prudential/pdf/ebrochures/prulink-funds-updated/factsheets/prulink-singapore-asean-managed-fund-template.pdf	1223ffe2f7286389e896f47059c7d09e48800645.pdf
https://www.prudential.com.sg/-/media/project/prudential/pdf/ebrochures/prulink-funds-updated/factsheets/prulink-singapore-asian-managed-fund-template.pdf	15d3f9950f5126aa2d68c06dd4757be6bc089b81.pdf
https://www.prudential.com.sg/-/media/project/prudential/pdf/ebrochures/prulink-funds-updated/factsheets/prulink-singapore-cash-fund-template.pdf	3dccece17d5c79d12a5eca8f7ad7fa2e85915684.pdf
https://www.prudential.com.sg/-/media/project/prudential/pdf/ebrochures/prulink-funds-updated/factsheets/prulink-singapore-dynamic-bond-fund-template.pdf	f0e4dfc7b2168ba447e5400330b7cb1a48e26eeb.pdf
https://www.prudential.com.sg/-/media/project/prudential/pdf/ebrochures/prulink-funds-updated/factsheets/prulink-singapore-growth-fund-template.pdf	9616e2a993ba289faa5d52ac90b75c6aaa42193b.pdf
https://www.prudential.com.sg/-/media/project/prudential/pdf/ebrochures/prulink-funds-updated/factsheets/prulink-us-dividend-wealth-fund-distribution.pdf	c1327c24930aa8e86b38a9ee796c5e115f6451eb.pdf
https://www.prudential.com.sg/-/media/project/prudential/pdf/ebrochures/prulink-funds/factsheets/prulink-asian-fixedincome-fund-accumulation.pdf	7a50f73b3055aa84317c7c3783233fd4acc3cb65.pdf
https://www.prudential.com.sg/-/media/project/prudential/pdf/ebrochures/prulink-funds/factsheets/prulink-asian-fixedincome-fund-distribution.pdf	6747b1d29836c2f781f059101ee1acb4f8a76d21.pdf
https://www.prudential.com.sg/-/media/project/prudential/pdf/ebrochures/prulink-funds/factsheets/prulink-asian-multiasset-income-fund-decumulation.pdf	d18a80ca626ce8eabca82a445e6b857a04c8d631.pdf
https://www.prudential.com.sg/-/media/project/prudential/pdf/ebrochures/prulink-funds/factsheets/prulink-asian-multiasset-income-fund-distribution.pdf	2d4d41418f10da5110539c6cc6acac6b0a6a2de5.pdf
https://www.prudential.com.sg/-/media/project/prudential/pdf/ebrochures/prulink-funds/factsheets/prulink-china-india-fund.pdf	4dc7f739125868429aaf1656f9ec90051bc2ecac.pdf
https://www.prudential.com.sg/-/media/project/prudential/pdf/ebrochures/prulink-funds/factsheets/prulink-global-equity-fund-dis.pdf	adf20b5dc2823018ec7e13799e1209664e080076.pdf
https://www.prudential.com.sg/-/media/project/prudential/pdf/ebrochures/prulink-funds/factsheets/prulink-global-equity-fund.pdf	8d4d7a22c6c35a4fab69cf8faa5888642d62d18a.pdf
https://www.prudential.com.sg/-/media/project/prudential/pdf/ebrochures/prulink-funds/factsheets/prulink-global-managed-fund-dis.pdf	01be922f11090054451549af73d53f11e261d185.pdf
https://www.prudential.com.sg/-/media/project/prudential/pdf/ebrochures/prulink-funds/factsheets/prulink-global-multiasset-income-fund-decumulation.pdf	d406c137f0329483276756508626b197cae255c8.pdf
https://www.prudential.com.sg/-/media/project/prudential/pdf/ebrochures/prulink-funds/factsheets/prulink-global-multiasset-income-fund-distribution.pdf	2d40713b6b652c732933eca663daa31dc99c3785.pdf
https://www.prudential.com.sg/-/media/project/prudential/pdf/ebrochures/prulink-funds/factsheets/prulink-singapore-dynamic-bond-fund-dis.pdf	3793d23f31a71781041689b5a409aeca211cd8a2.pdf
