path	type	size_bytes	sha256
docs/research/ilp-source-archive-2026-03-31/README.md	file	477	84d28849aae35edcd01d13e8b4ec257c18bed6f05d0838b5446248a9a25b7a1a
docs/research/ilp-source-archive-2026-03-31/aia-annual-funds-report-2025.pdf	file	984488	19c71c3f7152ec1857c6b9d5c56c817dea11b6dc2dac74dcdd8a9a1ed5b86dd7
docs/research/ilp-source-archive-2026-03-31/aia-semi-annual-funds-report-2025.pdf	file	894598	9ba2b2d95e85c5c9848b785c52774a9873aa6d2b445441c5c9e2b2ba418ba156
docs/research/ilp-source-archive-2026-03-31/etiqa-fee-verify	dir	7475573	
docs/research/ilp-source-archive-2026-03-31/etiqa-fee-verify/Abrdn_GlobalDynamicDividend_PHS.pdf	file	241508	3b47a2fb5b189c67d384a2415fe5d4aa4c8f443a4d73c175d62126ef8ea79e1a
docs/research/ilp-source-archive-2026-03-31/etiqa-fee-verify/Allianz-Income-and-Growth-PHS.pdf	file	859593	a89a523012343851f6212582b3235d6215414f1dbcf0ac939a1d5d16c620dea6
docs/research/ilp-source-archive-2026-03-31/etiqa-fee-verify/BGF-World-Technology-Fund-PHS.pdf	file	249047	4b72adcbb27df460652b4913bfa61cb0298713391c23f18a67bdf87f08669aed
docs/research/ilp-source-archive-2026-03-31/etiqa-fee-verify/Capital-Group-American-Balanced-Fund-PHS.pdf	file	258415	924608f8cf8fb87cccc6e8ae676cac0dcb77e69fd416003c3bc7697499b94b43
docs/research/ilp-source-archive-2026-03-31/etiqa-fee-verify/FAM_Millenium_Equity_Fund_PHS.pdf	file	796863	fde8bf01619826f8934799c72a82c854c134d8081f1f26010c0f8bc25b9777ff
docs/research/ilp-source-archive-2026-03-31/etiqa-fee-verify/FSSA-Regional-India-Fund-PHS-v1.pdf	file	224976	39ad4cf5c0d6b127d0264bb2291be0d7503994228575dc40223360d60b4ef235
docs/research/ilp-source-archive-2026-03-31/etiqa-fee-verify/FSSA_RegionalChina_PHS.pdf	file	223768	c54ff228a6e752074109cb409ac5e12f637fadd9e30269062d60eff96b7acad4
docs/research/ilp-source-archive-2026-03-31/etiqa-fee-verify/Fidelity-Global-Technology-Fund-PHS-v1.pdf	file	217076	992d9b7e83da29f449c1b1c505d23bdd24723fdfce00260ed0365f917509093c
docs/research/ilp-source-archive-2026-03-31/etiqa-fee-verify/First-Sentier-Bridge-Fund-PHS.pdf	file	231116	4d6ad8a7980ce5b07bbf6db29e98a8569be0d50883c7062e0c44386008a119e6
docs/research/ilp-source-archive-2026-03-31/etiqa-fee-verify/First-Sentier-Dividend-Advantage-PHS.pdf	file	229873	a672b428bb250fd87a7c536cc6e2c4c1a85868fffa2c9d7df0ec65e1499b9f1b
docs/research/ilp-source-archive-2026-03-31/etiqa-fee-verify/PHS_AB-American-Growth-Fund-.pdf	file	246453	647d87856192ea3592b0a1e61aa9ca936dfeee9d654fc9dc3a0a3636ec2db641
docs/research/ilp-source-archive-2026-03-31/etiqa-fee-verify/PHS_Eastspring-Asian-Low-Volatility-Fund.pdf	file	225237	61badc49a442fa57f425f38b4ace69744a22aa921ca3a308d55f98d1b3b1f117
docs/research/ilp-source-archive-2026-03-31/etiqa-fee-verify/RP-ILP-AB-American-Income-Portfolio-PHS-Final.pdf	file	225364	27ecf0edecbcd14722eceab37b3e59cfa6d5c2e19d2d149de5d991f414863183
docs/research/ilp-source-archive-2026-03-31/etiqa-fee-verify/RP-ILP-Baillie-Gifford-Worldwide-Asia-ex-Japan-Fund-PHS-Final.pdf	file	239242	7d4dcfdbe7c2666fe0cba60541a9ce6ab5732f608e4f3c298cb43e04b0cd322b
docs/research/ilp-source-archive-2026-03-31/etiqa-fee-verify/RP-ILP-Baillie-Gifford-Worldwide-Health-Innovation-Fund-PHS-Final.pdf	file	197678	fc47c7d67d1399f34389d7c8958a34e787790d1c95a1e2836cb1d7f014a57900
docs/research/ilp-source-archive-2026-03-31/etiqa-fee-verify/RP-ILP-Baillie-Gifford-Worldwide-Long-Term-Global-Growth-Fund-PHS-Final.pdf	file	240217	d78c5cff83ddd97658f33e98bc7da547f1f4b809cc0985868edc7314e8ca43c1
docs/research/ilp-source-archive-2026-03-31/etiqa-fee-verify/RP-ILP-BlackRock-Global-Bond-Income-Fund-PHS-Final.pdf	file	233243	bf72f01c09c9a930330f64c89be58ce0914e7ff6117fe1457168996277db479c
docs/research/ilp-source-archive-2026-03-31/etiqa-fee-verify/RP-ILP-BlackRock-Multi-Asset-PHS-Final.pdf	file	232464	2e844d86d84abcbfbaf4edb269addf6ac77859fe2a271463487502c5975577ec
docs/research/ilp-source-archive-2026-03-31/etiqa-fee-verify/RP-ILP-Nikko-AM-ARK-PHS-Final.pdf	file	227719	b79cb5c30a4b15972bdfd449f0651d85fa0d934074cd19e4c6c199762b19a971
docs/research/ilp-source-archive-2026-03-31/etiqa-fee-verify/RP-ILP-abrdn-All-China-Sustainable-Equity-Fund-PHS-Final-v2.pdf	file	274354	592ce4afccc046d9de5895b6c1bb1c1e16969a46f4463c34996791be6da26629
docs/research/ilp-source-archive-2026-03-31/etiqa-fee-verify/Tiq-Invest-Product-Highlights-Sheet-Asian-Tiger-Bond-Fund.pdf	file	594076	0590123cc8a94767366f885a889e05ee089b530d825cdb89c5e4b259da38f074
docs/research/ilp-source-archive-2026-03-31/etiqa-fee-verify/Tiq-Invest-Product-Highlights-Sheet-Emerging-Markets-Bond-Fund.pdf	file	554255	2c6ffbc969deb5fcaee0bb0d902a3b9df1e6e0466c2f0e7dbef0428413a21837
docs/research/ilp-source-archive-2026-03-31/etiqa-fee-verify/bgf-european-equity-income-hedged-PHS.pdf	file	222662	927f2a65ce77eb3f795dee5546426fb9e6c720dbee6eab5d66be2c115dc973fd
docs/research/ilp-source-archive-2026-03-31/etiqa-fee-verify/ei_japandynamicfund_PHS.pdf	file	230374	567e7e41807e5273f7fd2dc39ae1d990012c283880235a8884cac8387b2073a7
docs/research/ilp-source-archive-2026-03-31/etiqa-gsfi-phs.pdf	file	553540	6b571d008f1996cd4227b4d64620391904d46849575228b2b689e1d376d856a7
docs/research/ilp-source-archive-2026-03-31/etiqa-phs-0.pdf	file	553540	6b571d008f1996cd4227b4d64620391904d46849575228b2b689e1d376d856a7
docs/research/ilp-source-archive-2026-03-31/etiqa-phs-1.pdf	file	594076	0590123cc8a94767366f885a889e05ee089b530d825cdb89c5e4b259da38f074
docs/research/ilp-source-archive-2026-03-31/etiqa-phs-2.pdf	file	554658	97ec7b4ada7716d93845055a53beb645d66d004dfbcb92aae0dc5be497c44b91
docs/research/ilp-source-archive-2026-03-31/etiqa-portfolio-summary.pdf	file	261645	6387d9429e0f6ed4e0615abc30510dfa7bb4578217a6dba6acfb7547c626c2b6
docs/research/ilp-source-archive-2026-03-31/etiqa.html	file	547134	a6107142915e04f83a685a60fd3ccc6c367f025ce4bce9e89cebf361fb0f37ad
docs/research/ilp-source-archive-2026-03-31/etiqa_fee_cache	dir	14698559	
docs/research/ilp-source-archive-2026-03-31/etiqa_fee_cache/0515e937b02bb0ac238bb83a7f530c83.pdf	file	229873	a672b428bb250fd87a7c536cc6e2c4c1a85868fffa2c9d7df0ec65e1499b9f1b
docs/research/ilp-source-archive-2026-03-31/etiqa_fee_cache/09ddfbba40ef52df2920ce179f5ba7c8.pdf	file	267182	b7b18f658af17bb03df47d1a8ca3cf530625329e23e0c83385c46cceb149729e
docs/research/ilp-source-archive-2026-03-31/etiqa_fee_cache/0a1f9dfce3c77480e9dc679c9b8da7df.pdf	file	227803	9d9015afb848994be10ee53bd80ef503c96186555a6e66231938895b8f581026
docs/research/ilp-source-archive-2026-03-31/etiqa_fee_cache/12d5c312d012b052a07b92f8cc2f301c.pdf	file	190009	069947f1d4dd4969dcbb119c1f703c53636feb1f708818e7a31ca5fc6a8eedc9
docs/research/ilp-source-archive-2026-03-31/etiqa_fee_cache/251ac67ebc62a07f46b57a2e6c5b4cb3.pdf	file	255596	3573d78b0cbbb830eb5f6655749e0ea10f7227f3d7e416813785fd7604ced4f4
docs/research/ilp-source-archive-2026-03-31/etiqa_fee_cache/2cf0a4ac6cacba971ce5388c7bd847cf.pdf	file	231116	4d6ad8a7980ce5b07bbf6db29e98a8569be0d50883c7062e0c44386008a119e6
docs/research/ilp-source-archive-2026-03-31/etiqa_fee_cache/30d020e104e4c8b55260c3398f2c6bdb.pdf	file	227719	b79cb5c30a4b15972bdfd449f0651d85fa0d934074cd19e4c6c199762b19a971
docs/research/ilp-source-archive-2026-03-31/etiqa_fee_cache/3a016da595d5d35fb185dc4a00e949b3.pdf	file	224976	39ad4cf5c0d6b127d0264bb2291be0d7503994228575dc40223360d60b4ef235
docs/research/ilp-source-archive-2026-03-31/etiqa_fee_cache/3d88473b725e51eb9a073b96e49624b5.pdf	file	859593	a89a523012343851f6212582b3235d6215414f1dbcf0ac939a1d5d16c620dea6
docs/research/ilp-source-archive-2026-03-31/etiqa_fee_cache/3f520d0056d1d290b4ec25d4a3da28b0.pdf	file	232877	27a8cf7b04de1e401a3122df95d693e8c54c687afaf42ca3107a8c09e1c76730
docs/research/ilp-source-archive-2026-03-31/etiqa_fee_cache/427381efa2673d1f3481596e34d79c57.pdf	file	261645	6387d9429e0f6ed4e0615abc30510dfa7bb4578217a6dba6acfb7547c626c2b6
docs/research/ilp-source-archive-2026-03-31/etiqa_fee_cache/462e885668cd7a8beda785815ea26970.pdf	file	594076	0590123cc8a94767366f885a889e05ee089b530d825cdb89c5e4b259da38f074
docs/research/ilp-source-archive-2026-03-31/etiqa_fee_cache/4cb8c9fd761c1319455c4e0700a6fe38.pdf	file	217076	992d9b7e83da29f449c1b1c505d23bdd24723fdfce00260ed0365f917509093c
docs/research/ilp-source-archive-2026-03-31/etiqa_fee_cache/59667a960145bbf423925a1325f7290d.pdf	file	200328	d91796610bbb7ad5c2755dec81a84dafce51129cf314fe6404179b201cdda752
docs/research/ilp-source-archive-2026-03-31/etiqa_fee_cache/5f6a8eee52f9651770b546bb6cc4bd3b.pdf	file	196276	22c66329a35216364ccd22b230ba8c75f8ce695a30a5075b5eb9cb5e4f024add
docs/research/ilp-source-archive-2026-03-31/etiqa_fee_cache/649232b8519ce9a98e31bed9d8220a02.pdf	file	239242	7d4dcfdbe7c2666fe0cba60541a9ce6ab5732f608e4f3c298cb43e04b0cd322b
docs/research/ilp-source-archive-2026-03-31/etiqa_fee_cache/694665067ecb01ce1e152e86641a3e1f.pdf	file	232464	2e844d86d84abcbfbaf4edb269addf6ac77859fe2a271463487502c5975577ec
docs/research/ilp-source-archive-2026-03-31/etiqa_fee_cache/76a214440a3dbe24fef629cfed7bab5b.pdf	file	261054	b3ddd392bbd75bbdbaa62756eed3e4d8f288f70cd93f88fd8568f49a5a5040c1
docs/research/ilp-source-archive-2026-03-31/etiqa_fee_cache/771071af8ecc3108d94d7349d9a9c46e.pdf	file	246800	ae3fbee0258585728e6c70f846395793bdfa444355e16f3afe1b1439cc83fbf5
docs/research/ilp-source-archive-2026-03-31/etiqa_fee_cache/79deadc857db2e107d2399c1c4937ddb.pdf	file	223768	c54ff228a6e752074109cb409ac5e12f637fadd9e30269062d60eff96b7acad4
docs/research/ilp-source-archive-2026-03-31/etiqa_fee_cache/7b209e7718cd54fbf7a461fa54a5a1dc.pdf	file	241508	3b47a2fb5b189c67d384a2415fe5d4aa4c8f443a4d73c175d62126ef8ea79e1a
docs/research/ilp-source-archive-2026-03-31/etiqa_fee_cache/7e13de534073417ce73eba1f991e5fed.pdf	file	197610	c18f8e0fe84e42e99e026e7c246c4c5aab150f6dd5376d547cb37a9144c71320
docs/research/ilp-source-archive-2026-03-31/etiqa_fee_cache/81063809d3aed3c011994e0264f4113d.pdf	file	217692	ee422216de3248e6321852420b882127f2b4c6edede1599163d4df490e740113
docs/research/ilp-source-archive-2026-03-31/etiqa_fee_cache/8b007e60bfcc05e3b555e98f2abc1983.pdf	file	246453	647d87856192ea3592b0a1e61aa9ca936dfeee9d654fc9dc3a0a3636ec2db641
docs/research/ilp-source-archive-2026-03-31/etiqa_fee_cache/8ed026a93ce96f55b629744dcc1eff7f.pdf	file	796863	fde8bf01619826f8934799c72a82c854c134d8081f1f26010c0f8bc25b9777ff
docs/research/ilp-source-archive-2026-03-31/etiqa_fee_cache/8f9e5fd6c357b04db5e805a46bded680.pdf	file	162087	880e20bff2b80c7166c44ab3d057844f904f608340bfc580934c4a6e0caf4bd6
docs/research/ilp-source-archive-2026-03-31/etiqa_fee_cache/93caf373fd6590cd929705f89f49eadb.pdf	file	554658	97ec7b4ada7716d93845055a53beb645d66d004dfbcb92aae0dc5be497c44b91
docs/research/ilp-source-archive-2026-03-31/etiqa_fee_cache/94e47a820527f92d534b55d9ce32239f.pdf	file	231018	0728cd1fc73a61fadbbf127ef779790be0faec3705f35b62d2ba4ae4aa2d3d44
docs/research/ilp-source-archive-2026-03-31/etiqa_fee_cache/956d04a52da06d3a53283e8a2e38b723.pdf	file	201654	8af765ff316a9dd4c98e3dceaa2e40bc46d9904383beeefb7fada6f4884b55c1
docs/research/ilp-source-archive-2026-03-31/etiqa_fee_cache/9de1b956ab712ba5d2b76c3d136129aa.pdf	file	225364	27ecf0edecbcd14722eceab37b3e59cfa6d5c2e19d2d149de5d991f414863183
docs/research/ilp-source-archive-2026-03-31/etiqa_fee_cache/9ed804f49972d6b445f915e46a08046e.pdf	file	197678	fc47c7d67d1399f34389d7c8958a34e787790d1c95a1e2836cb1d7f014a57900
docs/research/ilp-source-archive-2026-03-31/etiqa_fee_cache/a2439df11a96570a7f28b13bca656a59.pdf	file	583338	d637c7821f157bcdf479fa2ea8808bc7a77fa028365683c459c9c654890adb6f
docs/research/ilp-source-archive-2026-03-31/etiqa_fee_cache/a64883711b0d04b86bea82300935b54c.pdf	file	305914	306e568123674b7d4df1906bba5c815cd1c3e35d5217862aa6b5591f5fb52359
docs/research/ilp-source-archive-2026-03-31/etiqa_fee_cache/a80aadbef420f2d87320b75e853ba620.pdf	file	246393	02277e991a23ba5aaa07035424948da1bf3fe2d2478acee2edd21ca6f9ab8211
docs/research/ilp-source-archive-2026-03-31/etiqa_fee_cache/abcdb4d0324220234fa8b9b73b4c625f.pdf	file	240863	821988d24c88e555b72c77fae111e49bd6b912787302fa2864ecd83efd8e409b
docs/research/ilp-source-archive-2026-03-31/etiqa_fee_cache/acebe1317bab59954d3060de2e301fc2.pdf	file	233243	bf72f01c09c9a930330f64c89be58ce0914e7ff6117fe1457168996277db479c
docs/research/ilp-source-archive-2026-03-31/etiqa_fee_cache/ae0cf8811274898c682d88df50c38365.pdf	file	227518	0db06c2ccffc265afd18f4631a3ac4594ec253d6c520997e61dc77292cacaa27
docs/research/ilp-source-archive-2026-03-31/etiqa_fee_cache/b752ab23fddd6c818f499559977a3f14.pdf	file	201744	e415cc885785fc8d21157ebd0feee712c44003ee37628bc99a04ed3283275438
docs/research/ilp-source-archive-2026-03-31/etiqa_fee_cache/b757e48c2e78fdd3d86f79ba97bcd96e.pdf	file	240217	d78c5cff83ddd97658f33e98bc7da547f1f4b809cc0985868edc7314e8ca43c1
docs/research/ilp-source-archive-2026-03-31/etiqa_fee_cache/cf0b12416d032df89e09259385411185.pdf	file	222662	927f2a65ce77eb3f795dee5546426fb9e6c720dbee6eab5d66be2c115dc973fd
docs/research/ilp-source-archive-2026-03-31/etiqa_fee_cache/d1a7cd7a0930c98d19543bd35cfd8a2c.pdf	file	269180	7f77ed41376eda24eeab7610958e3d396d0619f34da9eddd92f9ef2af7878c63
docs/research/ilp-source-archive-2026-03-31/etiqa_fee_cache/d633ea5d307cfe51b341e91412cd9e61.pdf	file	237825	f63f9215ddd0d6d3e724fd8354b3b15c3c4872c12a7cae330ca57a3c301ed856
docs/research/ilp-source-archive-2026-03-31/etiqa_fee_cache/d6f5aba1e0071b8cf2fb8a579746f5e4.pdf	file	220042	9ffd52f58be52f7d249dae2e2907f3c12b820cd4c3fe8c9b7f3148aa5a980861
docs/research/ilp-source-archive-2026-03-31/etiqa_fee_cache/d7998440b6086698363ff4ad4820d3ea.pdf	file	242750	e61ab412448fa6041501b4493363729e98f3515be62a4d95c5902cb2ff60d239
docs/research/ilp-source-archive-2026-03-31/etiqa_fee_cache/db70bfaced587a2f00898e46a57d6a0e.pdf	file	554255	2c6ffbc969deb5fcaee0bb0d902a3b9df1e6e0466c2f0e7dbef0428413a21837
docs/research/ilp-source-archive-2026-03-31/etiqa_fee_cache/ddf8a36be82ce7719a7a5af3d91ae1ef.pdf	file	258415	924608f8cf8fb87cccc6e8ae676cac0dcb77e69fd416003c3bc7697499b94b43
docs/research/ilp-source-archive-2026-03-31/etiqa_fee_cache/de7ed52a752410ec65b409c32763c8cf.pdf	file	249047	4b72adcbb27df460652b4913bfa61cb0298713391c23f18a67bdf87f08669aed
docs/research/ilp-source-archive-2026-03-31/etiqa_fee_cache/e363c2a7a141503a97c13e13b5081b47.pdf	file	230374	567e7e41807e5273f7fd2dc39ae1d990012c283880235a8884cac8387b2073a7
docs/research/ilp-source-archive-2026-03-31/etiqa_fee_cache/e6b7ed492610449f0b98529957bbb5aa.pdf	file	225237	61badc49a442fa57f425f38b4ace69744a22aa921ca3a308d55f98d1b3b1f117
docs/research/ilp-source-archive-2026-03-31/etiqa_fee_cache/ea721829f910064be0bb9dc1bb83fefa.pdf	file	225748	7f4f91d1b46180cdf1ea16a5e166e3b00ca47af12537858dcce7398a83671c88
docs/research/ilp-source-archive-2026-03-31/etiqa_fee_cache/f37f20527f6c26021b4e9a9411155701.pdf	file	274354	592ce4afccc046d9de5895b6c1bb1c1e16969a46f4463c34996791be6da26629
docs/research/ilp-source-archive-2026-03-31/etiqa_fee_cache/fa7d75509b0bda042e640935d36e9812.pdf	file	317382	ae31293b8dd360ea732c7b4c9d7d04a1afd6430995bb3306eadf8636a4855c30
docs/research/ilp-source-archive-2026-03-31/fee-probe-0.pdf	file	134755	fc26f36caf630a6fccc5d0ed07ba8563efca169fa50cdc3404e0451c6499c9c5
docs/research/ilp-source-archive-2026-03-31/fee-probe-1.pdf	file	289914	1f1102d6a4e06aabd3633f52078a556eb1ac7182f662df068141df46cce55b16
docs/research/ilp-source-archive-2026-03-31/fee-probe-2.pdf	file	139381	b3370c05ad84ed1ca56658d0f3a5ee9ecf9aa3be4a7adb747b72402cdb5323f6
docs/research/ilp-source-archive-2026-03-31/fee-probe-3.pdf	file	136009	35e8c493697d049a39c25386fd7a7e051a22b23e1f8dc80653c4791a03760fe0
docs/research/ilp-source-archive-2026-03-31/fee-verify-cache	dir	14833761	
docs/research/ilp-source-archive-2026-03-31/fee-verify-cache/01be922f1109-prulink-global-managed-fund-dis.pdf	file	191238	69c7ddda199b9f431bcdfce8a16366932dac0edcb779ad61b82cabbdc665e85a
docs/research/ilp-source-archive-2026-03-31/fee-verify-cache/03ed6c15f1d7-Income-20World-20Healthscience-20Fund_Blackrock.pdf	file	154035	6d0e60d608ce9041fe830582874d16dc7618e93901b1248c62641f79f92a2fda
docs/research/ilp-source-archive-2026-03-31/fee-verify-cache/0721b69402a3-prulink-global-signature-cio-growth-fund.pdf	file	95527	2cfeed6f98952cba5a043138488d609d92a7a87f1727ae16404b7d3f5756e2af
docs/research/ilp-source-archive-2026-03-31/fee-verify-cache/07526481356c-Global-20Income-20Fund_Schroders-20ok.pdf	file	133858	d3794b4b7333d0bc7da8958096da8f54e140374fc8fcaa8b6a0845833d3deda6
docs/research/ilp-source-archive-2026-03-31/fee-verify-cache/0a181c13950d-prulink-greater-china-fund-template.pdf	file	140197	cb79af62b7aa03c5c45c4231e7fb3cb17468ffd260be6c9cd74ca5314a0ec713
docs/research/ilp-source-archive-2026-03-31/fee-verify-cache/0fce9d39dc51-Income-20SGD-20Bond-20Fund-20--20Fullerton-20ok.pdf	file	153160	afebf8250dd14f656e1fce73d3aff75ce34e294dbbbb937abfc6975da457857c
docs/research/ilp-source-archive-2026-03-31/fee-verify-cache/10fe3fc8d6a6-GDS-20Managed-20Fund-20ok.pdf	file	137643	b464a30862c87768ab6bfa27905a3173fe41150eacc64fe231ab920df8933dbb
docs/research/ilp-source-archive-2026-03-31/fee-verify-cache/1223ffe2f728-prulink-singapore-asean-managed-fund-template.pdf	file	122717	53faf9aa4f978722a4c6dcf97a8a8d569267c20737bde7acc8ba400c7cef1ea9
docs/research/ilp-source-archive-2026-03-31/fee-verify-cache/143789841452-Asia-20Dynamic-20Return-20Fund_Fullerton-20ok.pdf	file	157859	67503be0c5c4235f9f49776cf6f34c1dd6f5e9246216a0216f9a15cbfa5b71e3
docs/research/ilp-source-archive-2026-03-31/fee-verify-cache/15d3f9950f51-prulink-singapore-asian-managed-fund-template.pdf	file	306383	7757bea7738e5f83fbc0890d02674a9659b5081717883539a72bc5662147fd32
docs/research/ilp-source-archive-2026-03-31/fee-verify-cache/1a2e68830f20-prulink-global-managed-fund-template.pdf	file	191238	69c7ddda199b9f431bcdfce8a16366932dac0edcb779ad61b82cabbdc665e85a
docs/research/ilp-source-archive-2026-03-31/fee-verify-cache/23fbce1a7274-prulink-asian-income-fund-template.pdf	file	130174	bdd9b88ca1a7ac4a0651b29207d3ba99f0724fa09d573900398822cc3d9d1e6f
docs/research/ilp-source-archive-2026-03-31/fee-verify-cache/248a27d15709-Global-20Bond-20Fund-20ok.pdf	file	139381	b3370c05ad84ed1ca56658d0f3a5ee9ecf9aa3be4a7adb747b72402cdb5323f6
docs/research/ilp-source-archive-2026-03-31/fee-verify-cache/2d40713b6b65-prulink-global-multiasset-income-fund-distribution.pdf	file	282187	05d753f2cf6f0206f2974b0dd862eb76fe8afc6a3980b8ca1e2783e6f4f492ed
docs/research/ilp-source-archive-2026-03-31/fee-verify-cache/2d4d41418f10-prulink-asian-multiasset-income-fund-distribution.pdf	file	309291	ac0998d37f84b4cd1e5ee3d9c9ff12373b252b4ae4f91991662a57cd7711830f
docs/research/ilp-source-archive-2026-03-31/fee-verify-cache/2da13f9aa433-prulink-global-technology-fund-template.pdf	file	112801	ccc4e166883f17c9af1d6e58e05b931cda12dd179df5b4e204e43f56560de411
docs/research/ilp-source-archive-2026-03-31/fee-verify-cache/2e287dfd20f3-Income-20Global-20Emerging-20Markets-20Equity-20Fund_JPM-20ok.pdf	file	155661	9d085ff999a743783c4d33d008f33b6ac0ca95b73272226c7b68a3388f2873ac
docs/research/ilp-source-archive-2026-03-31/fee-verify-cache/360c3ebbb7a7-prulink-activeinvest-portfolio---balanced.pdf	file	289914	1f1102d6a4e06aabd3633f52078a556eb1ac7182f662df068141df46cce55b16
docs/research/ilp-source-archive-2026-03-31/fee-verify-cache/3793d23f31a7-prulink-singapore-dynamic-bond-fund-dis.pdf	file	140730	624aefd6bc05674c81e3156fe293a0e20dc2052a76f85523e70f5e9fee26ef84
docs/research/ilp-source-archive-2026-03-31/fee-verify-cache/3a71a2c0071f-Asian-20Income-20Fund_Schroders-20ok.pdf	file	132821	4a7fc4b427e60146a5d49ed5dac9c59bcf0d77ba05c754ec7a84a1a1d29c9384
docs/research/ilp-source-archive-2026-03-31/fee-verify-cache/3b83cf327acb-Income-20India-20Equity-20Fund_Franklin-20Templeton-20ok.pdf	file	151777	20aff4b4c98660e8458f75f2a1761fb3133d64ee1d62009862d9407c14dce54e
docs/research/ilp-source-archive-2026-03-31/fee-verify-cache/3dccece17d5c-prulink-singapore-cash-fund-template.pdf	file	259849	7b670f0e28d7f80096f023ba2b25ead54301b1a9855233962022d9c80e149bf9
docs/research/ilp-source-archive-2026-03-31/fee-verify-cache/3e8b8b133aef-prulink-islamic-global-equity-index-fund-accumulation.pdf	file	104494	b0a6d87501b07ca10818eee69ad01a42da76827998dd22e600a8458d42172163
docs/research/ilp-source-archive-2026-03-31/fee-verify-cache/408a7cd693e0-prulink-flexgrowth-fund.pdf	file	266924	e42fd785336d89257fe31f3b847fb4e27b15edc611a03de87e339702ef351ccb
docs/research/ilp-source-archive-2026-03-31/fee-verify-cache/4affbda07589-Income-20Global-20Gold-20Equity-20Fund_Schroders-20ok.pdf	file	134655	a8e723134f13f30a96d30e6b33af8b7dacb94f12587664c5061f63e8ceba9127
docs/research/ilp-source-archive-2026-03-31/fee-verify-cache/4dc7f7391258-prulink-china-india-fund.pdf	file	122805	72c5b54ac9008facf2b521ccdd3c11db839d302314201cb9cde7ff79f61b59d4
docs/research/ilp-source-archive-2026-03-31/fee-verify-cache/4f3291aae57c-prulink-global-growth-fund-accumulation.pdf	file	268953	fc31a1ca806bd2f9b4fd4a13a28a8be736ab1b1a86895642afd0d18b9d5ca73b
docs/research/ilp-source-archive-2026-03-31/fee-verify-cache/579b76bacc1a-prulink-activeinvest-portfolio---growth.pdf	file	289909	a6d9f356f240c2656709f0d872b5f5f1b80272a12c7d2f09a4d33ca1e336bf7d
docs/research/ilp-source-archive-2026-03-31/fee-verify-cache/5b331778c3f5-Income-20Global-20Dynamic-20Bond-20Fund-20_Pimco-20ok.pdf	file	132005	fab5e26b45b24d1d4219befaa39edde842c5745027348a1040e96218ad3665df
docs/research/ilp-source-archive-2026-03-31/fee-verify-cache/6138d4549cef-prulink-asian-american-managed-fund-template.pdf	file	135190	b43f12002b7aaa8e1d53408d54bd3b44943cf143aa8814a54799d65a20337a24
docs/research/ilp-source-archive-2026-03-31/fee-verify-cache/6747b1d29836-prulink-asian-fixedincome-fund-distribution.pdf	file	307051	d3b98bfd803e1775121f3614dfef47035930bfc0f42dfcce8fffaaaae9c21444
docs/research/ilp-source-archive-2026-03-31/fee-verify-cache/6992786d43d2-Income-20Global-20Absolute-20Alpha-20Fund-20--20Fullerton-20ok.pdf	file	155037	c3abb4a0073f82d2956973acd709a03dcc4eb190f815f1938e51114a1d7297d8
docs/research/ilp-source-archive-2026-03-31/fee-verify-cache/6a3d016cfe24-Income-20Regional-20China-20Fund_Fullerton-20ok.pdf	file	155412	f3743640175e48103ce8b6882c84093bf68940c41d18fc1a1881e83b89847ff8
docs/research/ilp-source-archive-2026-03-31/fee-verify-cache/6ddb9a6bb497-prulink-activeinvest-portfolio---conservative.pdf	file	284057	63e0317ce78f7fd96a5a279402afdce4d554e2443d33a748aeaa3962230f7850
docs/research/ilp-source-archive-2026-03-31/fee-verify-cache/749200e15462-GDS-20Adventurous-20Fund-20ok.pdf	file	144664	7c4a1e98cc64767616711edb01a8123c9ec5020506c3e48ec8da73030ae112b7
docs/research/ilp-source-archive-2026-03-31/fee-verify-cache/7529422dd023-prulink-global-property-securities-fund-template.pdf	file	103938	007e3c90b6cbf631f03edb87c8489922ddcc4cd1e70df4f65075d71dee3ae283
docs/research/ilp-source-archive-2026-03-31/fee-verify-cache/7990144bf76d-prulink-asian-multi-asset-income-fund-template.pdf	file	309291	ac0998d37f84b4cd1e5ee3d9c9ff12373b252b4ae4f91991662a57cd7711830f
docs/research/ilp-source-archive-2026-03-31/fee-verify-cache/79ae538a0cf1-prulink-global-innovation-equity-fund.pdf	file	278571	3df01c68c0830ab148097a0dd8d75cba1100f213d546f5324fb50b619261eed9
docs/research/ilp-source-archive-2026-03-31/fee-verify-cache/7a50f73b3055-prulink-asian-fixedincome-fund-accumulation.pdf	file	307051	d3b98bfd803e1775121f3614dfef47035930bfc0f42dfcce8fffaaaae9c21444
docs/research/ilp-source-archive-2026-03-31/fee-verify-cache/7e227e2dd30d-Income-20Global-20Growth-20Equity-20Fund_Fundsmith-20ok.pdf	file	159459	c96ee33ac67c4ae0b9fe79dacb7bf12f1fae251f9ed9f28cca8e968d3faaed4a
docs/research/ilp-source-archive-2026-03-31/fee-verify-cache/86f6d2d77911-prulink-emerging-markets-fund-template.pdf	file	125488	ecaddca786f5b24d0a63d3995b3a9e18f20d14e9104b916f89b37a45ff3699e7
docs/research/ilp-source-archive-2026-03-31/fee-verify-cache/8a7b61e53da3-Income-20US-20Large-20Cap-20Equity-20Fund_Schroders-20ok.pdf	file	134102	00f3a82c4f66a6589bacd8d8efd099c4af0f435d7aead2509403b288f8574e3c
docs/research/ilp-source-archive-2026-03-31/fee-verify-cache/8b16c13e78d7-prulink-asian-income-and-growth-fund-template.pdf	file	199045	39203fbfcd2935ec28464f70967e0e2886134dc52dea37a1573c4d662c325b5f
docs/research/ilp-source-archive-2026-03-31/fee-verify-cache/8d4d7a22c6c3-prulink-global-equity-fund.pdf	file	191431	1ecfa2e573351de57ee3675d93f2b271ea6bcfd27824392209aff64deaf12cd9
docs/research/ilp-source-archive-2026-03-31/fee-verify-cache/95bff8df3b48-Income-20Singapore-20Dividend-20Equity-20Fund-20--20Nikko-20ok.pdf	file	161791	2421dd57bf8f930d1df7c773de87480715ea62c0311bfe27ac3bb10ab05b93fd
docs/research/ilp-source-archive-2026-03-31/fee-verify-cache/9616e2a993ba-prulink-singapore-growth-fund-template.pdf	file	124781	314089dce0168e90c566ba9452c67525af3c8719264649b2fed36291ca4a2c23
docs/research/ilp-source-archive-2026-03-31/fee-verify-cache/996128171e36-prulink-global-fixed-income-fund-template.pdf	file	286618	9a95671957c2c36095e5c04da08e7b08a6db58edfe164d3ec8f7f1a7e63252cc
docs/research/ilp-source-archive-2026-03-31/fee-verify-cache/9efbe1800b22-Global-20Technology-20Fund-20ok.pdf	file	132579	ce292abdefd64f5641d379c5c95c33e487dfcaa119401472e6ed98341509c9dd
docs/research/ilp-source-archive-2026-03-31/fee-verify-cache/9f40672e1094-Income-20Global-20Eco-20Fund_Allianz-20ok.pdf	file	170557	c5fe0e8953ae722fc359a247a517eafb6d337e165075864f6338be2a1b252111
docs/research/ilp-source-archive-2026-03-31/fee-verify-cache/a05908a54c66-Income-20Global-20Sustainable-20Fund_JPM-20ok.pdf	file	158556	9d74aa9de123d6c2fe2993e3d02e4569d7abed90c720883abc6fcdd1d9b07d79
docs/research/ilp-source-archive-2026-03-31/fee-verify-cache/a05f1c355f98-prulink-global-signature-cio-income-fund.pdf	file	101001	7b930eee9a1a1880245acdc764682323b46f4950c3d15b2ff69ab7b25501d3d2
docs/research/ilp-source-archive-2026-03-31/fee-verify-cache/a6d3c9d55c29-prulink-india-equity-template.pdf	file	107947	143122eedd90cf3984774e06258cfa0758626b1cd0c3e96150c6a218e8c87ce7
docs/research/ilp-source-archive-2026-03-31/fee-verify-cache/a7df0aa5f7ca-prulink-adapt-2035-fund-template.pdf	file	162454	a20169d96128b77ad02b1d49c36471b69f2d7ae624054ca5a727134b132c7209
docs/research/ilp-source-archive-2026-03-31/fee-verify-cache/a94c2d06cc65-prulink-global-bond-fund-template.pdf	file	306448	48e36766bd936f50697258cd292540cbfe1b569628eb43e596512b5e980e7d0e
docs/research/ilp-source-archive-2026-03-31/fee-verify-cache/abf181a479ae-prulink-activeinvest-portfolio---moderate.pdf	file	284055	2039560cf46d06882f6ab60dfc4dabee5711438f0f9dabaca1c3256e9d58d0f6
docs/research/ilp-source-archive-2026-03-31/fee-verify-cache/ac10aa73b50e-prulink-asian-equity-fund-template.pdf	file	300209	3f6ac54b76cddec94abd427f94adc92d81f40d2f5e4d806b16ff9c90b491771a
docs/research/ilp-source-archive-2026-03-31/fee-verify-cache/adf20b5dc282-prulink-global-equity-fund-dis.pdf	file	191431	1ecfa2e573351de57ee3675d93f2b271ea6bcfd27824392209aff64deaf12cd9
docs/research/ilp-source-archive-2026-03-31/fee-verify-cache/b44e589082eb-Income-20Global-20Artificial-20Intelligence-20Fund_Allianz-20ok.pdf	file	153611	edc905ed83ae9613f10f519f74644b10e926630f366adf8ff20286727b378bb6
docs/research/ilp-source-archive-2026-03-31/fee-verify-cache/b7362d1fa825-prulink-america-fund-template.pdf	file	134755	fc26f36caf630a6fccc5d0ed07ba8563efca169fa50cdc3404e0451c6499c9c5
docs/research/ilp-source-archive-2026-03-31/fee-verify-cache/bc2a010916d3-Asia-20Managed-20Fund-20ok.pdf	file	132831	9e2a99c838f1317836dd929a766331943fa8e95526807620c8b2b1b8e7e6fa95
docs/research/ilp-source-archive-2026-03-31/fee-verify-cache/c1327c24930a-prulink-us-dividend-wealth-fund-distribution.pdf	file	287865	7ec37a2686285bb3b49daf8360d128498c9c0e78f07f23cf4f1745cb4a4a250c
docs/research/ilp-source-archive-2026-03-31/fee-verify-cache/c343e3cfb331-prulink-global-dividend-wealth-fund-distribution.pdf	file	119487	2bd1e77b5be66be57a55f28c75d869260e469e79f66a51bdc74282ea36812de7
docs/research/ilp-source-archive-2026-03-31/fee-verify-cache/c9ba575c4d45-prulink-pan-european-fund-template.pdf	file	122686	7180a2c36d174921716b63c8a9d226ed3dd950876fd42a65e9c4c11b0d25386a
docs/research/ilp-source-archive-2026-03-31/fee-verify-cache/cb033d660878-Asian-20Equity-20Fund_Schroders-20ok.pdf	file	136009	35e8c493697d049a39c25386fd7a7e051a22b23e1f8dc80653c4791a03760fe0
docs/research/ilp-source-archive-2026-03-31/fee-verify-cache/ce970eb4d1c7-Income-20Japan-20Dividend-20Equity-20Fund-20--20Nikko-20ok.pdf	file	169699	d3889b0d6d12fc71de9f7059a63a1f7337f13f179d47154b0fa3f53ec6284233
docs/research/ilp-source-archive-2026-03-31/fee-verify-cache/cff7a6690aef-Takaful-20Fund-20ok.pdf	file	155476	bce3bda13a46d57110c04b11bbb10ed51bf3033becc4cddb5ab4f4c565b9bbe8
docs/research/ilp-source-archive-2026-03-31/fee-verify-cache/d1410b841382-prulink-global-income-fund-accumulation.pdf	file	269712	6f6cf545d149df658b8096d16154143d07a97262a3e61bf8e35505297db35861
docs/research/ilp-source-archive-2026-03-31/fee-verify-cache/d18a80ca626c-prulink-asian-multiasset-income-fund-decumulation.pdf	file	309291	ac0998d37f84b4cd1e5ee3d9c9ff12373b252b4ae4f91991662a57cd7711830f
docs/research/ilp-source-archive-2026-03-31/fee-verify-cache/d2028400e735-prulink-global-impact-esg-equity-fund.pdf	file	274202	81857bd1ecc14ffb2f2683033692a54f5e8d345cccea78bfd87e932c4c5c1d44
docs/research/ilp-source-archive-2026-03-31/fee-verify-cache/d406c137f032-prulink-global-multiasset-income-fund-decumulation.pdf	file	282187	05d753f2cf6f0206f2974b0dd862eb76fe8afc6a3980b8ca1e2783e6f4f492ed
docs/research/ilp-source-archive-2026-03-31/fee-verify-cache/d46c51cef93b-prulink-global-climate-change-equity-fund.pdf	file	304799	7e14a16957406a1a85009d921ca5045f5684dd9eb22411960d49f3a85cb707c9
docs/research/ilp-source-archive-2026-03-31/fee-verify-cache/da611a3ad8d0-Money-20Market-20Fund-20ok.pdf	file	150982	76b58046224ffb3f7869d822847a66ddc4f838dffc98e1355eedfd545e5da10d
docs/research/ilp-source-archive-2026-03-31/fee-verify-cache/dadfaf9a7767-Income-20Asia-20Dividend-20Advantage-20Fund_Fullerton-20ok.pdf	file	151052	0d3578a55edf1e21b687fd46c0e2cb402e492a7829d6ed39e3213f91609d3760
docs/research/ilp-source-archive-2026-03-31/fee-verify-cache/db96c751a813-Asian-20Bond-20Fund-20ok.pdf	file	140027	5715a445cbaf51b56d664acaee2c23a94dde0cc4f715f147160dfff33c2dab9b
docs/research/ilp-source-archive-2026-03-31/fee-verify-cache/de0c1434523a-Global-20Equity-20Fund.pdf	file	142788	8bfaf2f51e4284da1cb36f31d75832161e90f2063d0e9f2d35d0c416182ce56a
docs/research/ilp-source-archive-2026-03-31/fee-verify-cache/e1901c807333-prulink-global-multi-asset-income-fund-template.pdf	file	282187	05d753f2cf6f0206f2974b0dd862eb76fe8afc6a3980b8ca1e2783e6f4f492ed
docs/research/ilp-source-archive-2026-03-31/fee-verify-cache/ee07c171e1ee-Income-20US-20Dividend-20and-20Growth-20Fund_Allianz-20ok.pdf	file	148038	d11e6222e4c88f557262354af4fadc3c302a918d36c8517795abb2819d2f3317
docs/research/ilp-source-archive-2026-03-31/fee-verify-cache/f0e4dfc7b216-prulink-singapore-dynamic-bond-fund-template.pdf	file	140730	624aefd6bc05674c81e3156fe293a0e20dc2052a76f85523e70f5e9fee26ef84
docs/research/ilp-source-archive-2026-03-31/fee-verify-cache/f9f6cb2709d3-GDS-20Balanced-20Fund-20ok.pdf	file	138947	be80acc867a6e4fd04ee416ffbdd18e890ff8faf7194e4c53bbd7a2f059ca13c
docs/research/ilp-source-archive-2026-03-31/fee-verify-cache/prudential-html	dir	0	
docs/research/ilp-source-archive-2026-03-31/fee-verify-url-cache	dir	14849551	
docs/research/ilp-source-archive-2026-03-31/fee-verify-url-cache/01be922f11090054451549af73d53f11e261d185.pdf	file	191238	69c7ddda199b9f431bcdfce8a16366932dac0edcb779ad61b82cabbdc665e85a
docs/research/ilp-source-archive-2026-03-31/fee-verify-url-cache/03ed6c15f1d7ce67011863b88dd1e93a8448fa20.pdf	file	154035	6d0e60d608ce9041fe830582874d16dc7618e93901b1248c62641f79f92a2fda
docs/research/ilp-source-archive-2026-03-31/fee-verify-url-cache/0721b69402a3664e33a3215b464c05242d5ff9e2.pdf	file	95527	2cfeed6f98952cba5a043138488d609d92a7a87f1727ae16404b7d3f5756e2af
docs/research/ilp-source-archive-2026-03-31/fee-verify-url-cache/07526481356c7bc7c3205b35891e5f7b435ca3a0.pdf	file	133858	d3794b4b7333d0bc7da8958096da8f54e140374fc8fcaa8b6a0845833d3deda6
docs/research/ilp-source-archive-2026-03-31/fee-verify-url-cache/0a181c13950dc52e6e932811de52a8b4e8583281.pdf	file	140197	cb79af62b7aa03c5c45c4231e7fb3cb17468ffd260be6c9cd74ca5314a0ec713
docs/research/ilp-source-archive-2026-03-31/fee-verify-url-cache/0fce9d39dc515f85c7b4b78addae179628cc791e.pdf	file	153160	afebf8250dd14f656e1fce73d3aff75ce34e294dbbbb937abfc6975da457857c
docs/research/ilp-source-archive-2026-03-31/fee-verify-url-cache/10fe3fc8d6a600244a8469a00010ee7683db9c74.pdf	file	137643	b464a30862c87768ab6bfa27905a3173fe41150eacc64fe231ab920df8933dbb
docs/research/ilp-source-archive-2026-03-31/fee-verify-url-cache/1223ffe2f7286389e896f47059c7d09e48800645.pdf	file	122717	53faf9aa4f978722a4c6dcf97a8a8d569267c20737bde7acc8ba400c7cef1ea9
docs/research/ilp-source-archive-2026-03-31/fee-verify-url-cache/143789841452ff373738d6f9dee407a909d9f42e.pdf	file	157859	67503be0c5c4235f9f49776cf6f34c1dd6f5e9246216a0216f9a15cbfa5b71e3
docs/research/ilp-source-archive-2026-03-31/fee-verify-url-cache/15d3f9950f5126aa2d68c06dd4757be6bc089b81.pdf	file	306383	7757bea7738e5f83fbc0890d02674a9659b5081717883539a72bc5662147fd32
docs/research/ilp-source-archive-2026-03-31/fee-verify-url-cache/1a2e68830f20e09dd806e087ff15e82df222d2fb.pdf	file	191238	69c7ddda199b9f431bcdfce8a16366932dac0edcb779ad61b82cabbdc665e85a
docs/research/ilp-source-archive-2026-03-31/fee-verify-url-cache/23fbce1a7274aa201690fdcc06c599fa272d2e52.pdf	file	130174	bdd9b88ca1a7ac4a0651b29207d3ba99f0724fa09d573900398822cc3d9d1e6f
docs/research/ilp-source-archive-2026-03-31/fee-verify-url-cache/248a27d15709c4cc487908bdc577938591cb5a2d.pdf	file	139381	b3370c05ad84ed1ca56658d0f3a5ee9ecf9aa3be4a7adb747b72402cdb5323f6
docs/research/ilp-source-archive-2026-03-31/fee-verify-url-cache/2d40713b6b652c732933eca663daa31dc99c3785.pdf	file	282187	05d753f2cf6f0206f2974b0dd862eb76fe8afc6a3980b8ca1e2783e6f4f492ed
docs/research/ilp-source-archive-2026-03-31/fee-verify-url-cache/2d4d41418f10da5110539c6cc6acac6b0a6a2de5.pdf	file	309291	ac0998d37f84b4cd1e5ee3d9c9ff12373b252b4ae4f91991662a57cd7711830f
docs/research/ilp-source-archive-2026-03-31/fee-verify-url-cache/2da13f9aa43318804b27bf1523d3d94370ad7903.pdf	file	112801	ccc4e166883f17c9af1d6e58e05b931cda12dd179df5b4e204e43f56560de411
docs/research/ilp-source-archive-2026-03-31/fee-verify-url-cache/2e287dfd20f337abb1ae1364cde15745ca5d22db.pdf	file	155661	9d085ff999a743783c4d33d008f33b6ac0ca95b73272226c7b68a3388f2873ac
docs/research/ilp-source-archive-2026-03-31/fee-verify-url-cache/360c3ebbb7a728d7105c4b54c873e633c735c1aa.pdf	file	289914	1f1102d6a4e06aabd3633f52078a556eb1ac7182f662df068141df46cce55b16
docs/research/ilp-source-archive-2026-03-31/fee-verify-url-cache/3793d23f31a71781041689b5a409aeca211cd8a2.pdf	file	140730	624aefd6bc05674c81e3156fe293a0e20dc2052a76f85523e70f5e9fee26ef84
docs/research/ilp-source-archive-2026-03-31/fee-verify-url-cache/3a71a2c0071f51f0ac695b06b8e6bd27faeba354.pdf	file	132821	4a7fc4b427e60146a5d49ed5dac9c59bcf0d77ba05c754ec7a84a1a1d29c9384
docs/research/ilp-source-archive-2026-03-31/fee-verify-url-cache/3b83cf327acb78437e4c9e129377f5fe5cf924d9.pdf	file	151777	20aff4b4c98660e8458f75f2a1761fb3133d64ee1d62009862d9407c14dce54e
docs/research/ilp-source-archive-2026-03-31/fee-verify-url-cache/3dccece17d5c79d12a5eca8f7ad7fa2e85915684.pdf	file	259849	7b670f0e28d7f80096f023ba2b25ead54301b1a9855233962022d9c80e149bf9
docs/research/ilp-source-archive-2026-03-31/fee-verify-url-cache/3e8b8b133aef0cee1eb4bd8387de206641abd7c0.pdf	file	104494	b0a6d87501b07ca10818eee69ad01a42da76827998dd22e600a8458d42172163
docs/research/ilp-source-archive-2026-03-31/fee-verify-url-cache/408a7cd693e0f77b91af10f266461eb715c6948e.pdf	file	266924	e42fd785336d89257fe31f3b847fb4e27b15edc611a03de87e339702ef351ccb
docs/research/ilp-source-archive-2026-03-31/fee-verify-url-cache/4affbda075892a8d64b935417cbc3da39eef2a75.pdf	file	134655	a8e723134f13f30a96d30e6b33af8b7dacb94f12587664c5061f63e8ceba9127
docs/research/ilp-source-archive-2026-03-31/fee-verify-url-cache/4dc7f739125868429aaf1656f9ec90051bc2ecac.pdf	file	122805	72c5b54ac9008facf2b521ccdd3c11db839d302314201cb9cde7ff79f61b59d4
docs/research/ilp-source-archive-2026-03-31/fee-verify-url-cache/4f3291aae57cf9c3ce086f4511d7df06ab610278.pdf	file	268953	fc31a1ca806bd2f9b4fd4a13a28a8be736ab1b1a86895642afd0d18b9d5ca73b
docs/research/ilp-source-archive-2026-03-31/fee-verify-url-cache/579b76bacc1afbbd892a4d24d7fa499ef1ff1eef.pdf	file	289909	a6d9f356f240c2656709f0d872b5f5f1b80272a12c7d2f09a4d33ca1e336bf7d
docs/research/ilp-source-archive-2026-03-31/fee-verify-url-cache/5b331778c3f5a0f8c374f266a6cfa2652821dad2.pdf	file	132005	fab5e26b45b24d1d4219befaa39edde842c5745027348a1040e96218ad3665df
docs/research/ilp-source-archive-2026-03-31/fee-verify-url-cache/6138d4549cef6b0893984aa36fa7374e2287197e.pdf	file	135190	b43f12002b7aaa8e1d53408d54bd3b44943cf143aa8814a54799d65a20337a24
docs/research/ilp-source-archive-2026-03-31/fee-verify-url-cache/6747b1d29836c2f781f059101ee1acb4f8a76d21.pdf	file	307051	d3b98bfd803e1775121f3614dfef47035930bfc0f42dfcce8fffaaaae9c21444
docs/research/ilp-source-archive-2026-03-31/fee-verify-url-cache/6992786d43d294597b24efc932d4036b3c358aaf.pdf	file	155037	c3abb4a0073f82d2956973acd709a03dcc4eb190f815f1938e51114a1d7297d8
docs/research/ilp-source-archive-2026-03-31/fee-verify-url-cache/6a3d016cfe2451b5472ee9cec45674e455aa58da.pdf	file	155412	f3743640175e48103ce8b6882c84093bf68940c41d18fc1a1881e83b89847ff8
docs/research/ilp-source-archive-2026-03-31/fee-verify-url-cache/6ddb9a6bb49781f13e8252153021980adc4a01f9.pdf	file	284057	63e0317ce78f7fd96a5a279402afdce4d554e2443d33a748aeaa3962230f7850
docs/research/ilp-source-archive-2026-03-31/fee-verify-url-cache/749200e1546239a3539efbbd9838c2729c3c2f22.pdf	file	144664	7c4a1e98cc64767616711edb01a8123c9ec5020506c3e48ec8da73030ae112b7
docs/research/ilp-source-archive-2026-03-31/fee-verify-url-cache/7529422dd023693268343287e38355759aa71e3f.pdf	file	103938	007e3c90b6cbf631f03edb87c8489922ddcc4cd1e70df4f65075d71dee3ae283
docs/research/ilp-source-archive-2026-03-31/fee-verify-url-cache/7990144bf76d58e91e43d3e6676cd17efd92fae1.pdf	file	309291	ac0998d37f84b4cd1e5ee3d9c9ff12373b252b4ae4f91991662a57cd7711830f
docs/research/ilp-source-archive-2026-03-31/fee-verify-url-cache/79ae538a0cf1531e14e716e75b7de2faaa0a0aed.pdf	file	278571	3df01c68c0830ab148097a0dd8d75cba1100f213d546f5324fb50b619261eed9
docs/research/ilp-source-archive-2026-03-31/fee-verify-url-cache/7a50f73b3055aa84317c7c3783233fd4acc3cb65.pdf	file	307051	d3b98bfd803e1775121f3614dfef47035930bfc0f42dfcce8fffaaaae9c21444
docs/research/ilp-source-archive-2026-03-31/fee-verify-url-cache/7e227e2dd30d93396150020406191c7e5707dd80.pdf	file	159459	c96ee33ac67c4ae0b9fe79dacb7bf12f1fae251f9ed9f28cca8e968d3faaed4a
docs/research/ilp-source-archive-2026-03-31/fee-verify-url-cache/86f6d2d77911e4dabb43d030c74a19abe0f56153.pdf	file	125488	ecaddca786f5b24d0a63d3995b3a9e18f20d14e9104b916f89b37a45ff3699e7
docs/research/ilp-source-archive-2026-03-31/fee-verify-url-cache/8a7b61e53da3a57c03f30a98654588a835d51012.pdf	file	134102	00f3a82c4f66a6589bacd8d8efd099c4af0f435d7aead2509403b288f8574e3c
docs/research/ilp-source-archive-2026-03-31/fee-verify-url-cache/8b16c13e78d72deb8fa5a461636c3d006754f4ab.pdf	file	199045	39203fbfcd2935ec28464f70967e0e2886134dc52dea37a1573c4d662c325b5f
docs/research/ilp-source-archive-2026-03-31/fee-verify-url-cache/8d4d7a22c6c35a4fab69cf8faa5888642d62d18a.pdf	file	191431	1ecfa2e573351de57ee3675d93f2b271ea6bcfd27824392209aff64deaf12cd9
docs/research/ilp-source-archive-2026-03-31/fee-verify-url-cache/95bff8df3b4800bb4b8de5e139e1c985bcfcac82.pdf	file	161791	2421dd57bf8f930d1df7c773de87480715ea62c0311bfe27ac3bb10ab05b93fd
docs/research/ilp-source-archive-2026-03-31/fee-verify-url-cache/9616e2a993ba289faa5d52ac90b75c6aaa42193b.pdf	file	124781	314089dce0168e90c566ba9452c67525af3c8719264649b2fed36291ca4a2c23
docs/research/ilp-source-archive-2026-03-31/fee-verify-url-cache/996128171e36f9f7ad45bce2f7ed06418226f559.pdf	file	286618	9a95671957c2c36095e5c04da08e7b08a6db58edfe164d3ec8f7f1a7e63252cc
docs/research/ilp-source-archive-2026-03-31/fee-verify-url-cache/9efbe1800b22ca157d30bdd7514b455309a68b0b.pdf	file	132579	ce292abdefd64f5641d379c5c95c33e487dfcaa119401472e6ed98341509c9dd
docs/research/ilp-source-archive-2026-03-31/fee-verify-url-cache/9f40672e1094f79b6ff17dff5b5ccd2cb30090a1.pdf	file	170557	c5fe0e8953ae722fc359a247a517eafb6d337e165075864f6338be2a1b252111
docs/research/ilp-source-archive-2026-03-31/fee-verify-url-cache/a05908a54c66065c2f0c9e28885e3f218c8df598.pdf	file	158556	9d74aa9de123d6c2fe2993e3d02e4569d7abed90c720883abc6fcdd1d9b07d79
docs/research/ilp-source-archive-2026-03-31/fee-verify-url-cache/a05f1c355f98c852ad69005a718d632a050aeca2.pdf	file	101001	7b930eee9a1a1880245acdc764682323b46f4950c3d15b2ff69ab7b25501d3d2
docs/research/ilp-source-archive-2026-03-31/fee-verify-url-cache/a6d3c9d55c29b42319dc66501ab79471152fda5b.pdf	file	107947	143122eedd90cf3984774e06258cfa0758626b1cd0c3e96150c6a218e8c87ce7
docs/research/ilp-source-archive-2026-03-31/fee-verify-url-cache/a7df0aa5f7ca03bb5b1dbc2d93da4c596a13c31b.pdf	file	162454	a20169d96128b77ad02b1d49c36471b69f2d7ae624054ca5a727134b132c7209
docs/research/ilp-source-archive-2026-03-31/fee-verify-url-cache/a94c2d06cc65ffcd031b320e117c0586d4c32359.pdf	file	306448	48e36766bd936f50697258cd292540cbfe1b569628eb43e596512b5e980e7d0e
docs/research/ilp-source-archive-2026-03-31/fee-verify-url-cache/abf181a479ae7955faf7b515a7b6f6acf0d2ccbc.pdf	file	284055	2039560cf46d06882f6ab60dfc4dabee5711438f0f9dabaca1c3256e9d58d0f6
docs/research/ilp-source-archive-2026-03-31/fee-verify-url-cache/ac10aa73b50ea4c828df44df663bb4e171d9fdf4.pdf	file	300209	3f6ac54b76cddec94abd427f94adc92d81f40d2f5e4d806b16ff9c90b491771a
docs/research/ilp-source-archive-2026-03-31/fee-verify-url-cache/adf20b5dc2823018ec7e13799e1209664e080076.pdf	file	191431	1ecfa2e573351de57ee3675d93f2b271ea6bcfd27824392209aff64deaf12cd9
docs/research/ilp-source-archive-2026-03-31/fee-verify-url-cache/b44e589082eb3918c007451e2620770b25cd14f2.pdf	file	153611	edc905ed83ae9613f10f519f74644b10e926630f366adf8ff20286727b378bb6
docs/research/ilp-source-archive-2026-03-31/fee-verify-url-cache/b7362d1fa8257565afad8f6fc1da7eb837013175.pdf	file	134755	fc26f36caf630a6fccc5d0ed07ba8563efca169fa50cdc3404e0451c6499c9c5
docs/research/ilp-source-archive-2026-03-31/fee-verify-url-cache/bc2a010916d3f01b2f787c9106ff69fbdb0150eb.pdf	file	132831	9e2a99c838f1317836dd929a766331943fa8e95526807620c8b2b1b8e7e6fa95
docs/research/ilp-source-archive-2026-03-31/fee-verify-url-cache/c1327c24930aa8e86b38a9ee796c5e115f6451eb.pdf	file	287865	7ec37a2686285bb3b49daf8360d128498c9c0e78f07f23cf4f1745cb4a4a250c
docs/research/ilp-source-archive-2026-03-31/fee-verify-url-cache/c343e3cfb331bb560cba3082329e6ae705f16d99.pdf	file	119487	2bd1e77b5be66be57a55f28c75d869260e469e79f66a51bdc74282ea36812de7
docs/research/ilp-source-archive-2026-03-31/fee-verify-url-cache/c9ba575c4d450fbf756e89a6829e6a95dceb4ef4.pdf	file	122686	7180a2c36d174921716b63c8a9d226ed3dd950876fd42a65e9c4c11b0d25386a
docs/research/ilp-source-archive-2026-03-31/fee-verify-url-cache/cb033d660878fd74bca303254eb0e74aea13cd18.pdf	file	136009	35e8c493697d049a39c25386fd7a7e051a22b23e1f8dc80653c4791a03760fe0
docs/research/ilp-source-archive-2026-03-31/fee-verify-url-cache/ce970eb4d1c74f8ad2e3823fdb04770d3ada77b0.pdf	file	169699	d3889b0d6d12fc71de9f7059a63a1f7337f13f179d47154b0fa3f53ec6284233
docs/research/ilp-source-archive-2026-03-31/fee-verify-url-cache/cff7a6690aef9566e58227da5513f81a41455ce7.pdf	file	155476	bce3bda13a46d57110c04b11bbb10ed51bf3033becc4cddb5ab4f4c565b9bbe8
docs/research/ilp-source-archive-2026-03-31/fee-verify-url-cache/d1410b8413822f718d40d31ba6b4d2e54c554bfa.pdf	file	269712	6f6cf545d149df658b8096d16154143d07a97262a3e61bf8e35505297db35861
docs/research/ilp-source-archive-2026-03-31/fee-verify-url-cache/d18a80ca626ce8eabca82a445e6b857a04c8d631.pdf	file	309291	ac0998d37f84b4cd1e5ee3d9c9ff12373b252b4ae4f91991662a57cd7711830f
docs/research/ilp-source-archive-2026-03-31/fee-verify-url-cache/d2028400e7357e1f6c6c65660399e628ba047acd.pdf	file	274202	81857bd1ecc14ffb2f2683033692a54f5e8d345cccea78bfd87e932c4c5c1d44
docs/research/ilp-source-archive-2026-03-31/fee-verify-url-cache/d406c137f0329483276756508626b197cae255c8.pdf	file	282187	05d753f2cf6f0206f2974b0dd862eb76fe8afc6a3980b8ca1e2783e6f4f492ed
docs/research/ilp-source-archive-2026-03-31/fee-verify-url-cache/d46c51cef93b29ff56684f3db3e8e0aad2d1154c.pdf	file	304799	7e14a16957406a1a85009d921ca5045f5684dd9eb22411960d49f3a85cb707c9
docs/research/ilp-source-archive-2026-03-31/fee-verify-url-cache/da611a3ad8d012b751268a9bcea84cb76af92e1e.pdf	file	150982	76b58046224ffb3f7869d822847a66ddc4f838dffc98e1355eedfd545e5da10d
docs/research/ilp-source-archive-2026-03-31/fee-verify-url-cache/dadfaf9a7767b3091a18ff0ba7dbbacfa695cddc.pdf	file	151052	0d3578a55edf1e21b687fd46c0e2cb402e492a7829d6ed39e3213f91609d3760
docs/research/ilp-source-archive-2026-03-31/fee-verify-url-cache/db96c751a8139440b41ce55ec038ee28fad699f7.pdf	file	140027	5715a445cbaf51b56d664acaee2c23a94dde0cc4f715f147160dfff33c2dab9b
docs/research/ilp-source-archive-2026-03-31/fee-verify-url-cache/de0c1434523ab7e2f5389c13cbc73dfd89d49a53.pdf	file	142788	8bfaf2f51e4284da1cb36f31d75832161e90f2063d0e9f2d35d0c416182ce56a
docs/research/ilp-source-archive-2026-03-31/fee-verify-url-cache/e1901c807333a36c1523b05e6c6ddaf82a4f35ef.pdf	file	282187	05d753f2cf6f0206f2974b0dd862eb76fe8afc6a3980b8ca1e2783e6f4f492ed
docs/research/ilp-source-archive-2026-03-31/fee-verify-url-cache/ee07c171e1ee9143f12c17f8091026796c5a6a0b.pdf	file	148038	d11e6222e4c88f557262354af4fadc3c302a918d36c8517795abb2819d2f3317
docs/research/ilp-source-archive-2026-03-31/fee-verify-url-cache/f0e4dfc7b2168ba447e5400330b7cb1a48e26eeb.pdf	file	140730	624aefd6bc05674c81e3156fe293a0e20dc2052a76f85523e70f5e9fee26ef84
docs/research/ilp-source-archive-2026-03-31/fee-verify-url-cache/f9f6cb2709d3e1c3d85074a7d563748d4b8da833.pdf	file	138947	be80acc867a6e4fd04ee416ffbdd18e890ff8faf7194e4c53bbd7a2f059ca13c
docs/research/ilp-source-archive-2026-03-31/fee-verify-url-cache/index.tsv	file	15790	eccdb2c0e42698501d6daadda29f1e344958d5b876d9c213237dd821f5f74971
docs/research/ilp-source-archive-2026-03-31/fireplanner-ilp-etiqa-residual-ti.diff	file	920884	7bf611aa9a9cc064dd21400d65f68b0b5114b4d256c4567601bf9aab8f7a7731
docs/research/ilp-source-archive-2026-03-31/fwd-funds.html	file	291476	a6d10bee9774f3786e2e55ed08a9fcbb65e05ba8f04ecc513f12d7bd33f82dcd
docs/research/ilp-source-archive-2026-03-31/fwd-investmentTypeLookup.json	file	83528	8266630c19bdf67fabda19dc11b3747fe28281f9a698984f02229fdb1d1aa107
docs/research/ilp-source-archive-2026-03-31/fwd-mifid.json	file	120103	dddc58897bd44fc6564930fc14209978bc6cadf527c3e0fae136e9f042ca72be
docs/research/ilp-source-archive-2026-03-31/fwd-report-F000011X7Z.html	file	625623	873cdadc11fb879337230fdc09e2147fc729375278f84a66a6c994345b7eda52
docs/research/ilp-source-archive-2026-03-31/fwd-screener-page1-100.json	file	100037	0891105b67cca0b5cfd09209d7a4bdb4c95127f6c9c0b62c2fecaa8a2ba7d02b
docs/research/ilp-source-archive-2026-03-31/greatlink-2025.pdf	file	2801614	34149ae423b1b31374e666a26a145b9273a2a983c492487454071d839409158b
docs/research/ilp-source-archive-2026-03-31/hsbc-1.pdf	file	484233	f9994372ee343e80e7fcc88a234298a058d1cafc0ac61566ac4d1640c7213988
docs/research/ilp-source-archive-2026-03-31/hsbc-2.pdf	file	721750	4885a8eb575a44ea6f592f7c0196be5870365ad1b11419289cf5a273a33ddea7
docs/research/ilp-source-archive-2026-03-31/hsbc-3.pdf	file	1245308	e1ba332dc10ccb5bc5bbc74f88fa3f3eb409487be21b744ae20c3c7d20f31a0e
docs/research/ilp-source-archive-2026-03-31/hsbc-4.pdf	file	472772	8f3a891726bf6991c97b19e3d4dc1a225146bdc6e2a9a09b18bed3147495497a
docs/research/ilp-source-archive-2026-03-31/hsbc-life-goal-builder.pdf	file	721750	4885a8eb575a44ea6f592f7c0196be5870365ad1b11419289cf5a273a33ddea7
docs/research/ilp-source-archive-2026-03-31/hsbc-linked-funds-report.pdf	file	3278167	85908f027f2df903360e804fd6d50ec509e2912f1612ac8be4d683ebbf01f7e1
docs/research/ilp-source-archive-2026-03-31/hsbc-useful.html	file	186284	3165b4c1d6398e3ee80a2b62c0ecc0efb6ffd31fdc6db40b3d2f5aaf88fa1fd6
docs/research/ilp-source-archive-2026-03-31/ilp_fee_cache	dir	16667074	
docs/research/ilp-source-archive-2026-03-31/ilp_fee_cache/02b098d40d59e40d87085e70ce322d8e.pdf	file	130174	bdd9b88ca1a7ac4a0651b29207d3ba99f0724fa09d573900398822cc3d9d1e6f
docs/research/ilp-source-archive-2026-03-31/ilp_fee_cache/05c6ed21fedee7857e0c3b46a0208f7d.pdf	file	140197	cb79af62b7aa03c5c45c4231e7fb3cb17468ffd260be6c9cd74ca5314a0ec713
docs/research/ilp-source-archive-2026-03-31/ilp_fee_cache/08180d86fe5293b379aaa4097655eb8e.pdf	file	132579	ce292abdefd64f5641d379c5c95c33e487dfcaa119401472e6ed98341509c9dd
docs/research/ilp-source-archive-2026-03-31/ilp_fee_cache/115a5515b42aedae5dc3775ddd30ec28.pdf	file	107947	143122eedd90cf3984774e06258cfa0758626b1cd0c3e96150c6a218e8c87ce7
docs/research/ilp-source-archive-2026-03-31/ilp_fee_cache/1278bf0e2e5dfdfd3e3917de393c45e3.pdf	file	306448	48e36766bd936f50697258cd292540cbfe1b569628eb43e596512b5e980e7d0e
docs/research/ilp-source-archive-2026-03-31/ilp_fee_cache/129a6c2ec79ae1aaf4370f3f6008cf75.pdf	file	266924	e42fd785336d89257fe31f3b847fb4e27b15edc611a03de87e339702ef351ccb
docs/research/ilp-source-archive-2026-03-31/ilp_fee_cache/14c9b37f2c84adc264da45d5902cf6af.pdf	file	309291	ac0998d37f84b4cd1e5ee3d9c9ff12373b252b4ae4f91991662a57cd7711830f
docs/research/ilp-source-archive-2026-03-31/ilp_fee_cache/16a8f613f6fdf91595ffcfd23de1ef03.pdf	file	112801	ccc4e166883f17c9af1d6e58e05b931cda12dd179df5b4e204e43f56560de411
docs/research/ilp-source-archive-2026-03-31/ilp_fee_cache/18d9ccb15d4751440fa5caf2d2c53be5.pdf	file	309291	ac0998d37f84b4cd1e5ee3d9c9ff12373b252b4ae4f91991662a57cd7711830f
docs/research/ilp-source-archive-2026-03-31/ilp_fee_cache/1a77a9464f6a22bf56867dc08fd80ab6.pdf	file	134755	fc26f36caf630a6fccc5d0ed07ba8563efca169fa50cdc3404e0451c6499c9c5
docs/research/ilp-source-archive-2026-03-31/ilp_fee_cache/1a94c24f4625e6043d86779a73797e59.pdf	file	148038	d11e6222e4c88f557262354af4fadc3c302a918d36c8517795abb2819d2f3317
docs/research/ilp-source-archive-2026-03-31/ilp_fee_cache/1c12bf01ac7bfc223c2b6742ff9cdd8c.pdf	file	191431	1ecfa2e573351de57ee3675d93f2b271ea6bcfd27824392209aff64deaf12cd9
docs/research/ilp-source-archive-2026-03-31/ilp_fee_cache/1dc4ad6e693c759b9358bf7826eadb13.pdf	file	135190	b43f12002b7aaa8e1d53408d54bd3b44943cf143aa8814a54799d65a20337a24
docs/research/ilp-source-archive-2026-03-31/ilp_fee_cache/1ea50f93f8b8eda6036b906c62c1a047.pdf	file	169699	d3889b0d6d12fc71de9f7059a63a1f7337f13f179d47154b0fa3f53ec6284233
docs/research/ilp-source-archive-2026-03-31/ilp_fee_cache/2c51d19c6c3ffb1e0cbbd4a0f2453932.pdf	file	182075	cac6e39ddc51e058a6d37163ceb9e83e289e32fa8299ddf0b09ffcd4fe44ac8e
docs/research/ilp-source-archive-2026-03-31/ilp_fee_cache/319b44752c9145149a93aad299db553a.pdf	file	274202	81857bd1ecc14ffb2f2683033692a54f5e8d345cccea78bfd87e932c4c5c1d44
docs/research/ilp-source-archive-2026-03-31/ilp_fee_cache/3269db561c9feee010570b0897f05652.pdf	file	122686	7180a2c36d174921716b63c8a9d226ed3dd950876fd42a65e9c4c11b0d25386a
docs/research/ilp-source-archive-2026-03-31/ilp_fee_cache/3281fdd535b0f5070d99ab438ce286f8.pdf	file	104494	b0a6d87501b07ca10818eee69ad01a42da76827998dd22e600a8458d42172163
docs/research/ilp-source-archive-2026-03-31/ilp_fee_cache/35082a2c017a5b86f292851c13245714.pdf	file	170557	c5fe0e8953ae722fc359a247a517eafb6d337e165075864f6338be2a1b252111
docs/research/ilp-source-archive-2026-03-31/ilp_fee_cache/3a75a967fb539148245978bb438e4440.pdf	file	155476	bce3bda13a46d57110c04b11bbb10ed51bf3033becc4cddb5ab4f4c565b9bbe8
docs/research/ilp-source-archive-2026-03-31/ilp_fee_cache/3ae8924e9892d881d35eaeaca8f75f9c.pdf	file	284057	63e0317ce78f7fd96a5a279402afdce4d554e2443d33a748aeaa3962230f7850
docs/research/ilp-source-archive-2026-03-31/ilp_fee_cache/416ee49ee0bebe48df8bb2005bb5fea9.pdf	file	191431	1ecfa2e573351de57ee3675d93f2b271ea6bcfd27824392209aff64deaf12cd9
docs/research/ilp-source-archive-2026-03-31/ilp_fee_cache/45a9441818c3cccfebbc5e3c7035e530.pdf	file	132005	fab5e26b45b24d1d4219befaa39edde842c5745027348a1040e96218ad3665df
docs/research/ilp-source-archive-2026-03-31/ilp_fee_cache/45f7e911956559bbf10d534f8bc0e7fc.pdf	file	309291	ac0998d37f84b4cd1e5ee3d9c9ff12373b252b4ae4f91991662a57cd7711830f
docs/research/ilp-source-archive-2026-03-31/ilp_fee_cache/474c03b5597d500519397605f5222aea.pdf	file	133858	d3794b4b7333d0bc7da8958096da8f54e140374fc8fcaa8b6a0845833d3deda6
docs/research/ilp-source-archive-2026-03-31/ilp_fee_cache/4a938fbff79c8c4ace1a70fe7b8c34ba.pdf	file	284055	2039560cf46d06882f6ab60dfc4dabee5711438f0f9dabaca1c3256e9d58d0f6
docs/research/ilp-source-archive-2026-03-31/ilp_fee_cache/4d3cb49c60840c933614617c4e494ab1.pdf	file	289909	a6d9f356f240c2656709f0d872b5f5f1b80272a12c7d2f09a4d33ca1e336bf7d
docs/research/ilp-source-archive-2026-03-31/ilp_fee_cache/4e470656cc8e44aab65713b1991df754.pdf	file	287865	7ec37a2686285bb3b49daf8360d128498c9c0e78f07f23cf4f1745cb4a4a250c
docs/research/ilp-source-archive-2026-03-31/ilp_fee_cache/4e7262e5d136ce0894bc42fb1998d44f.pdf	file	181938	fa3e648c3b12450a12b53b6db6ff6198e66831dbfb773bd792ee1594202e92c9
docs/research/ilp-source-archive-2026-03-31/ilp_fee_cache/4ed8ce3edb7eec742c7ed82b307fab61.pdf	file	140027	5715a445cbaf51b56d664acaee2c23a94dde0cc4f715f147160dfff33c2dab9b
docs/research/ilp-source-archive-2026-03-31/ilp_fee_cache/50262ff0fbde125a58eb084a48e5cd1d.pdf	file	300209	3f6ac54b76cddec94abd427f94adc92d81f40d2f5e4d806b16ff9c90b491771a
docs/research/ilp-source-archive-2026-03-31/ilp_fee_cache/5193508ff5afad9e315f298ae6268ce4.pdf	file	122717	53faf9aa4f978722a4c6dcf97a8a8d569267c20737bde7acc8ba400c7cef1ea9
docs/research/ilp-source-archive-2026-03-31/ilp_fee_cache/5336034baac8b3a506ea057266121749.pdf	file	282187	05d753f2cf6f0206f2974b0dd862eb76fe8afc6a3980b8ca1e2783e6f4f492ed
docs/research/ilp-source-archive-2026-03-31/ilp_fee_cache/537f5a6a323ea873f1ff480ad241a612.pdf	file	154035	6d0e60d608ce9041fe830582874d16dc7618e93901b1248c62641f79f92a2fda
docs/research/ilp-source-archive-2026-03-31/ilp_fee_cache/53af739cebbd73800017300a8b734034.pdf	file	142788	8bfaf2f51e4284da1cb36f31d75832161e90f2063d0e9f2d35d0c416182ce56a
docs/research/ilp-source-archive-2026-03-31/ilp_fee_cache/55dd041555d191261814800d2fd92fcb.pdf	file	282187	05d753f2cf6f0206f2974b0dd862eb76fe8afc6a3980b8ca1e2783e6f4f492ed
docs/research/ilp-source-archive-2026-03-31/ilp_fee_cache/5e72fcb2974dabf2384134561414ef0d.pdf	file	181939	5703bc4e536e6f744988569e94b54314faa22824f3289f36783ff0a67b52678c
docs/research/ilp-source-archive-2026-03-31/ilp_fee_cache/5fb170a97946f669072d9fcb9d213475.pdf	file	282187	05d753f2cf6f0206f2974b0dd862eb76fe8afc6a3980b8ca1e2783e6f4f492ed
docs/research/ilp-source-archive-2026-03-31/ilp_fee_cache/6bc4c1db3a62ac86774b51d679b1d639.pdf	file	259849	7b670f0e28d7f80096f023ba2b25ead54301b1a9855233962022d9c80e149bf9
docs/research/ilp-source-archive-2026-03-31/ilp_fee_cache/6ca110879cf99d1e83eefd2314dcd48c.pdf	file	122805	72c5b54ac9008facf2b521ccdd3c11db839d302314201cb9cde7ff79f61b59d4
docs/research/ilp-source-archive-2026-03-31/ilp_fee_cache/6ed584c97e369ba7ddc8768593db53a0.pdf	file	134102	00f3a82c4f66a6589bacd8d8efd099c4af0f435d7aead2509403b288f8574e3c
docs/research/ilp-source-archive-2026-03-31/ilp_fee_cache/6fd248bc04a5df4be3aadd1bbe1c6674.pdf	file	191528	ea44879a4135be6ff95cfbc0811abd215f8c9ca6c7834dc8fa0aba99859b504e
docs/research/ilp-source-archive-2026-03-31/ilp_fee_cache/707013415f9b50651cc2f9064a4d5f5d.pdf	file	175819	951036d651ed52acf000e0d4d81b1159f84ddfb47e9cccd1e5b8dbed092eaf3e
docs/research/ilp-source-archive-2026-03-31/ilp_fee_cache/74b389d880ff83d9fad019b351b58079.pdf	file	151052	0d3578a55edf1e21b687fd46c0e2cb402e492a7829d6ed39e3213f91609d3760
docs/research/ilp-source-archive-2026-03-31/ilp_fee_cache/77e635b06d464de81dd0f1b7603ab041.pdf	file	180466	4585ef941486756f5b41fcb68833cc43fbce166fb28bbb5a0f6332e7b42cfe5a
docs/research/ilp-source-archive-2026-03-31/ilp_fee_cache/7b4c6c1b7e6d7ead39f32e15268a083d.pdf	file	157859	67503be0c5c4235f9f49776cf6f34c1dd6f5e9246216a0216f9a15cbfa5b71e3
docs/research/ilp-source-archive-2026-03-31/ilp_fee_cache/7b77c00993201fd05f556dff88022ba2.pdf	file	95527	2cfeed6f98952cba5a043138488d609d92a7a87f1727ae16404b7d3f5756e2af
docs/research/ilp-source-archive-2026-03-31/ilp_fee_cache/7ef475c32495dc545d3db59ae46213d6.pdf	file	140730	624aefd6bc05674c81e3156fe293a0e20dc2052a76f85523e70f5e9fee26ef84
docs/research/ilp-source-archive-2026-03-31/ilp_fee_cache/89a2485b987acf577d55d6d04e31e4ea.pdf	file	137643	b464a30862c87768ab6bfa27905a3173fe41150eacc64fe231ab920df8933dbb
docs/research/ilp-source-archive-2026-03-31/ilp_fee_cache/89abe1caaf216d2422d03dddc77e4dfb.pdf	file	134655	a8e723134f13f30a96d30e6b33af8b7dacb94f12587664c5061f63e8ceba9127
docs/research/ilp-source-archive-2026-03-31/ilp_fee_cache/8c0eb9277e62c5c17a8c163dddad2672.pdf	file	101001	7b930eee9a1a1880245acdc764682323b46f4950c3d15b2ff69ab7b25501d3d2
docs/research/ilp-source-archive-2026-03-31/ilp_fee_cache/8e5ee782abd5deb1ac7fe4fd04cd456e.pdf	file	153160	afebf8250dd14f656e1fce73d3aff75ce34e294dbbbb937abfc6975da457857c
docs/research/ilp-source-archive-2026-03-31/ilp_fee_cache/8e99616b4d88fdccefd6b47d2081a3ea.pdf	file	268953	fc31a1ca806bd2f9b4fd4a13a28a8be736ab1b1a86895642afd0d18b9d5ca73b
docs/research/ilp-source-archive-2026-03-31/ilp_fee_cache/8fdac8d40083e3b3c2973423e194936b.pdf	file	199045	39203fbfcd2935ec28464f70967e0e2886134dc52dea37a1573c4d662c325b5f
docs/research/ilp-source-archive-2026-03-31/ilp_fee_cache/945a14c329c6ce265820d80caa9438ff.pdf	file	124781	314089dce0168e90c566ba9452c67525af3c8719264649b2fed36291ca4a2c23
docs/research/ilp-source-archive-2026-03-31/ilp_fee_cache/964bd277c450eb0d751f532eee5f70d7.pdf	file	269712	6f6cf545d149df658b8096d16154143d07a97262a3e61bf8e35505297db35861
docs/research/ilp-source-archive-2026-03-31/ilp_fee_cache/9fd7617e1210e8b4c8ad31af3878d0f8.pdf	file	179461	e8845b8eaa7b1a485e66c874821e9ca69687194d38a8f0fdec4dab62bba0b170
docs/research/ilp-source-archive-2026-03-31/ilp_fee_cache/a02b037543ff8efce4499f6002218642.pdf	file	144664	7c4a1e98cc64767616711edb01a8123c9ec5020506c3e48ec8da73030ae112b7
docs/research/ilp-source-archive-2026-03-31/ilp_fee_cache/a1fcb775f87d44e7bffc4ce2d8916fb7.pdf	file	307051	d3b98bfd803e1775121f3614dfef47035930bfc0f42dfcce8fffaaaae9c21444
docs/research/ilp-source-archive-2026-03-31/ilp_fee_cache/a2a4f3da84981adecb6a8542c98db032.pdf	file	289914	1f1102d6a4e06aabd3633f52078a556eb1ac7182f662df068141df46cce55b16
docs/research/ilp-source-archive-2026-03-31/ilp_fee_cache/a2d29bcb57955c4158947797f9c43b5f.pdf	file	155412	f3743640175e48103ce8b6882c84093bf68940c41d18fc1a1881e83b89847ff8
docs/research/ilp-source-archive-2026-03-31/ilp_fee_cache/a31e769912b87935323af0db11933a4b.pdf	file	307051	d3b98bfd803e1775121f3614dfef47035930bfc0f42dfcce8fffaaaae9c21444
docs/research/ilp-source-archive-2026-03-31/ilp_fee_cache/a5aeb2bea928ec06420fdb461249626e.pdf	file	151777	20aff4b4c98660e8458f75f2a1761fb3133d64ee1d62009862d9407c14dce54e
docs/research/ilp-source-archive-2026-03-31/ilp_fee_cache/a6d5c39ec69ee4a7a762098ebefb2fe2.pdf	file	278571	3df01c68c0830ab148097a0dd8d75cba1100f213d546f5324fb50b619261eed9
docs/research/ilp-source-archive-2026-03-31/ilp_fee_cache/a6e534d791eaa8ce250325d2fe578035.pdf	file	159459	c96ee33ac67c4ae0b9fe79dacb7bf12f1fae251f9ed9f28cca8e968d3faaed4a
docs/research/ilp-source-archive-2026-03-31/ilp_fee_cache/ab9d3080464b3f0aca875c2a57f6c88e.pdf	file	103938	007e3c90b6cbf631f03edb87c8489922ddcc4cd1e70df4f65075d71dee3ae283
docs/research/ilp-source-archive-2026-03-31/ilp_fee_cache/aba42262dc4ced246cbc7474f2bc5c0b.pdf	file	119487	2bd1e77b5be66be57a55f28c75d869260e469e79f66a51bdc74282ea36812de7
docs/research/ilp-source-archive-2026-03-31/ilp_fee_cache/b3712e945ad63e76b51d6e42bcb97a59.pdf	file	158556	9d74aa9de123d6c2fe2993e3d02e4569d7abed90c720883abc6fcdd1d9b07d79
docs/research/ilp-source-archive-2026-03-31/ilp_fee_cache/b3e211c11ffbf0726251e7e9020e894c.pdf	file	304799	7e14a16957406a1a85009d921ca5045f5684dd9eb22411960d49f3a85cb707c9
docs/research/ilp-source-archive-2026-03-31/ilp_fee_cache/bbf815e86e5f4c1492e81ce0053fc689.pdf	file	132831	9e2a99c838f1317836dd929a766331943fa8e95526807620c8b2b1b8e7e6fa95
docs/research/ilp-source-archive-2026-03-31/ilp_fee_cache/bd63a699533f6ffd0f04859101adb03c.pdf	file	136009	35e8c493697d049a39c25386fd7a7e051a22b23e1f8dc80653c4791a03760fe0
docs/research/ilp-source-archive-2026-03-31/ilp_fee_cache/bd7011e90ab0985f5ede3e26d6c36911.pdf	file	191238	69c7ddda199b9f431bcdfce8a16366932dac0edcb779ad61b82cabbdc665e85a
docs/research/ilp-source-archive-2026-03-31/ilp_fee_cache/c2c9a7c551ed4536c4a5092177b724a7.pdf	file	140730	624aefd6bc05674c81e3156fe293a0e20dc2052a76f85523e70f5e9fee26ef84
docs/research/ilp-source-archive-2026-03-31/ilp_fee_cache/c37b95ce2fb3132847deab45faeefb8b.pdf	file	161791	2421dd57bf8f930d1df7c773de87480715ea62c0311bfe27ac3bb10ab05b93fd
docs/research/ilp-source-archive-2026-03-31/ilp_fee_cache/cbbb2d93fea37df9fb74e14011ee75c4.pdf	file	139381	b3370c05ad84ed1ca56658d0f3a5ee9ecf9aa3be4a7adb747b72402cdb5323f6
docs/research/ilp-source-archive-2026-03-31/ilp_fee_cache/cfaec81258acde97c708abcca3fc89be.pdf	file	190042	4b8d1f0216fc63013a452a77bccf39da5ae16de9c8ac1ea994123aebc40d3978
docs/research/ilp-source-archive-2026-03-31/ilp_fee_cache/d3e6cb1383c4aec0184b694a743a5e55.pdf	file	150982	76b58046224ffb3f7869d822847a66ddc4f838dffc98e1355eedfd545e5da10d
docs/research/ilp-source-archive-2026-03-31/ilp_fee_cache/d5754ab2129ff130edd1f6a8e1daded0.pdf	file	286618	9a95671957c2c36095e5c04da08e7b08a6db58edfe164d3ec8f7f1a7e63252cc
docs/research/ilp-source-archive-2026-03-31/ilp_fee_cache/d62b0ef2e6efabb2d89b5a3433f53d68.pdf	file	178448	e25ff27b7ff831177ec77f80a29fd043d7de45f8b895015e6b07203ec382a46c
docs/research/ilp-source-archive-2026-03-31/ilp_fee_cache/db19459c84c83725a143f733bfb17bb3.pdf	file	191238	69c7ddda199b9f431bcdfce8a16366932dac0edcb779ad61b82cabbdc665e85a
docs/research/ilp-source-archive-2026-03-31/ilp_fee_cache/dd34f9e9fb6258f0f38bd561f4db3342.pdf	file	155037	c3abb4a0073f82d2956973acd709a03dcc4eb190f815f1938e51114a1d7297d8
docs/research/ilp-source-archive-2026-03-31/ilp_fee_cache/e32b4e6d1a306996fa4c0df401bc4b74.pdf	file	191597	d71d301af232c17b0dac7cb6fc9e4909106bd085bb2056d73f5f84fe82366ecd
docs/research/ilp-source-archive-2026-03-31/ilp_fee_cache/e79ef3fc8be83fc4ac326a753c0f85a9.pdf	file	306383	7757bea7738e5f83fbc0890d02674a9659b5081717883539a72bc5662147fd32
docs/research/ilp-source-archive-2026-03-31/ilp_fee_cache/e81e9e1793f3ecf6e7aeea34eba28fda.pdf	file	125488	ecaddca786f5b24d0a63d3995b3a9e18f20d14e9104b916f89b37a45ff3699e7
docs/research/ilp-source-archive-2026-03-31/ilp_fee_cache/f9f56389ec27b876522cf5ef2cd2e98b.pdf	file	155661	9d085ff999a743783c4d33d008f33b6ac0ca95b73272226c7b68a3388f2873ac
docs/research/ilp-source-archive-2026-03-31/ilp_fee_cache/fb1fc65e897cebf37ad2d8e79a830a44.pdf	file	138947	be80acc867a6e4fd04ee416ffbdd18e890ff8faf7194e4c53bbd7a2f059ca13c
docs/research/ilp-source-archive-2026-03-31/ilp_fee_cache/fcd422acc7c61d0554c3f147ecef1413.pdf	file	153611	edc905ed83ae9613f10f519f74644b10e926630f366adf8ff20286727b378bb6
docs/research/ilp-source-archive-2026-03-31/ilp_fee_cache/fe2f155946a45f7ff6fec1feaa600369.pdf	file	132821	4a7fc4b427e60146a5d49ed5dac9c59bcf0d77ba05c754ec7a84a1a1d29c9384
docs/research/ilp-source-archive-2026-03-31/ilp_fee_cache/ff1a4b1884434a67e886845b29b82b31.pdf	file	162454	a20169d96128b77ad02b1d49c36471b69f2d7ae624054ca5a727134b132c7209
docs/research/ilp-source-archive-2026-03-31/income-fee-verify	dir	0	
docs/research/ilp-source-archive-2026-03-31/income-sample.pdf	file	157859	67503be0c5c4235f9f49776cf6f34c1dd6f5e9246216a0216f9a15cbfa5b71e3
docs/research/ilp-source-archive-2026-03-31/income_fee_verify_cache	dir	4574472	
docs/research/ilp-source-archive-2026-03-31/income_fee_verify_cache/Asia_20Dynamic_20Return_20Fund_Fullerton_20ok.pdf	file	157859	67503be0c5c4235f9f49776cf6f34c1dd6f5e9246216a0216f9a15cbfa5b71e3
docs/research/ilp-source-archive-2026-03-31/income_fee_verify_cache/Asia_20Managed_20Fund_20ok.pdf	file	132831	9e2a99c838f1317836dd929a766331943fa8e95526807620c8b2b1b8e7e6fa95
docs/research/ilp-source-archive-2026-03-31/income_fee_verify_cache/Asian_20Bond_20Fund_20ok.pdf	file	140027	5715a445cbaf51b56d664acaee2c23a94dde0cc4f715f147160dfff33c2dab9b
docs/research/ilp-source-archive-2026-03-31/income_fee_verify_cache/Asian_20Equity_20Fund_Schroders_20ok.pdf	file	136009	35e8c493697d049a39c25386fd7a7e051a22b23e1f8dc80653c4791a03760fe0
docs/research/ilp-source-archive-2026-03-31/income_fee_verify_cache/Asian_20Income_20Fund_Schroders_20ok.pdf	file	132821	4a7fc4b427e60146a5d49ed5dac9c59bcf0d77ba05c754ec7a84a1a1d29c9384
docs/research/ilp-source-archive-2026-03-31/income_fee_verify_cache/GDS_20Adventurous_20Fund_20ok.pdf	file	144664	7c4a1e98cc64767616711edb01a8123c9ec5020506c3e48ec8da73030ae112b7
docs/research/ilp-source-archive-2026-03-31/income_fee_verify_cache/GDS_20Balanced_20Fund_20ok.pdf	file	138947	be80acc867a6e4fd04ee416ffbdd18e890ff8faf7194e4c53bbd7a2f059ca13c
docs/research/ilp-source-archive-2026-03-31/income_fee_verify_cache/GDS_20Managed_20Fund_20ok.pdf	file	137643	b464a30862c87768ab6bfa27905a3173fe41150eacc64fe231ab920df8933dbb
docs/research/ilp-source-archive-2026-03-31/income_fee_verify_cache/Global_20Bond_20Fund_20ok.pdf	file	139381	b3370c05ad84ed1ca56658d0f3a5ee9ecf9aa3be4a7adb747b72402cdb5323f6
docs/research/ilp-source-archive-2026-03-31/income_fee_verify_cache/Global_20Equity_20Fund.pdf	file	142788	8bfaf2f51e4284da1cb36f31d75832161e90f2063d0e9f2d35d0c416182ce56a
docs/research/ilp-source-archive-2026-03-31/income_fee_verify_cache/Global_20Income_20Fund_Schroders_20ok.pdf	file	133858	d3794b4b7333d0bc7da8958096da8f54e140374fc8fcaa8b6a0845833d3deda6
docs/research/ilp-source-archive-2026-03-31/income_fee_verify_cache/Global_20Technology_20Fund_20ok.pdf	file	132579	ce292abdefd64f5641d379c5c95c33e487dfcaa119401472e6ed98341509c9dd
docs/research/ilp-source-archive-2026-03-31/income_fee_verify_cache/Income_20Asia_20Dividend_20Advantage_20Fund_Fullerton_20ok.pdf	file	151052	0d3578a55edf1e21b687fd46c0e2cb402e492a7829d6ed39e3213f91609d3760
docs/research/ilp-source-archive-2026-03-31/income_fee_verify_cache/Income_20Global_20Absolute_20Alpha_20Fund_20-_20Fullerton_20ok.pdf	file	155037	c3abb4a0073f82d2956973acd709a03dcc4eb190f815f1938e51114a1d7297d8
docs/research/ilp-source-archive-2026-03-31/income_fee_verify_cache/Income_20Global_20Artificial_20Intelligence_20Fund_Allianz_20ok.pdf	file	153611	edc905ed83ae9613f10f519f74644b10e926630f366adf8ff20286727b378bb6
docs/research/ilp-source-archive-2026-03-31/income_fee_verify_cache/Income_20Global_20Dynamic_20Bond_20Fund_20_Pimco_20ok.pdf	file	132005	fab5e26b45b24d1d4219befaa39edde842c5745027348a1040e96218ad3665df
docs/research/ilp-source-archive-2026-03-31/income_fee_verify_cache/Income_20Global_20Eco_20Fund_Allianz_20ok.pdf	file	170557	c5fe0e8953ae722fc359a247a517eafb6d337e165075864f6338be2a1b252111
docs/research/ilp-source-archive-2026-03-31/income_fee_verify_cache/Income_20Global_20Emerging_20Markets_20Equity_20Fund_JPM_20ok.pdf	file	155661	9d085ff999a743783c4d33d008f33b6ac0ca95b73272226c7b68a3388f2873ac
docs/research/ilp-source-archive-2026-03-31/income_fee_verify_cache/Income_20Global_20Gold_20Equity_20Fund_Schroders_20ok.pdf	file	134655	a8e723134f13f30a96d30e6b33af8b7dacb94f12587664c5061f63e8ceba9127
docs/research/ilp-source-archive-2026-03-31/income_fee_verify_cache/Income_20Global_20Growth_20Equity_20Fund_Fundsmith_20ok.pdf	file	159459	c96ee33ac67c4ae0b9fe79dacb7bf12f1fae251f9ed9f28cca8e968d3faaed4a
docs/research/ilp-source-archive-2026-03-31/income_fee_verify_cache/Income_20Global_20Sustainable_20Fund_JPM_20ok.pdf	file	158556	9d74aa9de123d6c2fe2993e3d02e4569d7abed90c720883abc6fcdd1d9b07d79
docs/research/ilp-source-archive-2026-03-31/income_fee_verify_cache/Income_20India_20Equity_20Fund_Franklin_20Templeton_20ok.pdf	file	151777	20aff4b4c98660e8458f75f2a1761fb3133d64ee1d62009862d9407c14dce54e
docs/research/ilp-source-archive-2026-03-31/income_fee_verify_cache/Income_20Japan_20Dividend_20Equity_20Fund_20-_20Nikko_20ok.pdf	file	169699	d3889b0d6d12fc71de9f7059a63a1f7337f13f179d47154b0fa3f53ec6284233
docs/research/ilp-source-archive-2026-03-31/income_fee_verify_cache/Income_20Regional_20China_20Fund_Fullerton_20ok.pdf	file	155412	f3743640175e48103ce8b6882c84093bf68940c41d18fc1a1881e83b89847ff8
docs/research/ilp-source-archive-2026-03-31/income_fee_verify_cache/Income_20SGD_20Bond_20Fund_20-_20Fullerton_20ok.pdf	file	153160	afebf8250dd14f656e1fce73d3aff75ce34e294dbbbb937abfc6975da457857c
docs/research/ilp-source-archive-2026-03-31/income_fee_verify_cache/Income_20Singapore_20Dividend_20Equity_20Fund_20-_20Nikko_20ok.pdf	file	161791	2421dd57bf8f930d1df7c773de87480715ea62c0311bfe27ac3bb10ab05b93fd
docs/research/ilp-source-archive-2026-03-31/income_fee_verify_cache/Income_20US_20Dividend_20and_20Growth_20Fund_Allianz_20ok.pdf	file	148038	d11e6222e4c88f557262354af4fadc3c302a918d36c8517795abb2819d2f3317
docs/research/ilp-source-archive-2026-03-31/income_fee_verify_cache/Income_20US_20Large_20Cap_20Equity_20Fund_Schroders_20ok.pdf	file	134102	00f3a82c4f66a6589bacd8d8efd099c4af0f435d7aead2509403b288f8574e3c
docs/research/ilp-source-archive-2026-03-31/income_fee_verify_cache/Income_20World_20Healthscience_20Fund_Blackrock.pdf	file	154035	6d0e60d608ce9041fe830582874d16dc7618e93901b1248c62641f79f92a2fda
docs/research/ilp-source-archive-2026-03-31/income_fee_verify_cache/Money_20Market_20Fund_20ok.pdf	file	150982	76b58046224ffb3f7869d822847a66ddc4f838dffc98e1355eedfd545e5da10d
docs/research/ilp-source-archive-2026-03-31/income_fee_verify_cache/Takaful_20Fund_20ok.pdf	file	155476	bce3bda13a46d57110c04b11bbb10ed51bf3033becc4cddb5ab4f4c565b9bbe8
docs/research/ilp-source-archive-2026-03-31/manifest.tsv	file	66233	ffd8a6890ee0e2ea6dc606f3242ba352acc5352c67f18be2bf92cef73f105f55
docs/research/ilp-source-archive-2026-03-31/manulife-ML-Fund-Report-AR-2025.pdf	file	5919082	c6b0fe233588104a9666e06f865bfbc955f8eb1c3b4d8414cfd249b58f2fc7d4
docs/research/ilp-source-archive-2026-03-31/manulife-ML-Fund-Report-SAR-2025.pdf	file	1936106	ee7f3a944905f96658188c20c7929f92e4e50eb483fd149bb6da48fbf5af40e6
docs/research/ilp-source-archive-2026-03-31/pru-america.pdf	file	134755	fc26f36caf630a6fccc5d0ed07ba8563efca169fa50cdc3404e0451c6499c9c5
docs/research/ilp-source-archive-2026-03-31/pru-extra-0.pdf	file	122805	72c5b54ac9008facf2b521ccdd3c11db839d302314201cb9cde7ff79f61b59d4
docs/research/ilp-source-archive-2026-03-31/pru-extra-1.pdf	file	191238	69c7ddda199b9f431bcdfce8a16366932dac0edcb779ad61b82cabbdc665e85a
docs/research/ilp-source-archive-2026-03-31/pru-extra-2.pdf	file	191238	69c7ddda199b9f431bcdfce8a16366932dac0edcb779ad61b82cabbdc665e85a
docs/research/ilp-source-archive-2026-03-31/pru-extra-3.pdf	file	104494	b0a6d87501b07ca10818eee69ad01a42da76827998dd22e600a8458d42172163
docs/research/ilp-source-archive-2026-03-31/pru-fail-0.pdf	file	134755	fc26f36caf630a6fccc5d0ed07ba8563efca169fa50cdc3404e0451c6499c9c5
docs/research/ilp-source-archive-2026-03-31/pru-fail-1.pdf	file	162454	a20169d96128b77ad02b1d49c36471b69f2d7ae624054ca5a727134b132c7209
docs/research/ilp-source-archive-2026-03-31/pru-fail-2.pdf	file	130174	bdd9b88ca1a7ac4a0651b29207d3ba99f0724fa09d573900398822cc3d9d1e6f
docs/research/ilp-source-archive-2026-03-31/pru-fail-3.pdf	file	122805	72c5b54ac9008facf2b521ccdd3c11db839d302314201cb9cde7ff79f61b59d4
docs/research/ilp-source-archive-2026-03-31/pru-global-growth.pdf	file	268953	fc31a1ca806bd2f9b4fd4a13a28a8be736ab1b1a86895642afd0d18b9d5ca73b
docs/research/ilp-source-archive-2026-03-31/prudential-fee-verify	dir	0	
docs/research/ilp-source-archive-2026-03-31/singlife-fund-list.pdf	file	315384	ed770f13d9f9b18f505b4842ea01a06240c3ea9d5dcc1dd1888ed9443b886228
docs/research/ilp-source-archive-2026-03-31/singlife-semiannual-2025.pdf	file	5075025	2f7bcdc5b53146ce598c7bb6bc93b7003cde357e04e63683cb2b3f738d1bac8f
docs/research/ilp-source-archive-2026-03-31/tokiomarine-atlas-2025-sar.pdf	file	657419	76b5ed9d52dd82988918a19bc2f8499e9b3f00beb21695efa2da2fc5ab1c64db
docs/research/ilp-source-archive-2026-03-31/tokiomarine-non-atlas-2025-sar.pdf	file	1191860	f84afa1bfbc10a2bf4f62eebf6a981cc8aefa74fcac81ec5b63f1cd540571606
